timestamps,open,high,low,close,volume,amount
20250903,5.26,5.49,5.18,5.21,1213902.54,645967.279
20250902,4.92,5.1,4.91,5.07,668795.68,335473.454
20250901,4.93,4.99,4.86,4.94,504752.39,249277.052
20250829,4.86,5.02,4.85,4.91,717101.36,354799.282
20250828,4.84,4.87,4.79,4.86,314399,151870.438
20250827,4.93,4.94,4.82,4.82,415937.72,202828.364
20250826,4.98,5,4.93,4.94,358092.57,177396.368
20250825,4.98,5.01,4.94,5,435649.29,217031.753
20250822,5.07,5.11,4.95,5,455370.95,227341.138
20250821,4.94,5.1,4.94,5.08,505073.83,254792.672
20250820,4.89,4.98,4.87,4.97,397005.04,195639.331
20250819,4.93,4.95,4.89,4.9,256265.79,125917.279
20250818,4.88,4.97,4.85,4.95,390678.2,191835.85
20250815,4.94,4.94,4.82,4.88,360946.95,175357.015
20250814,4.96,4.98,4.92,4.94,238104.39,117829.527
20250813,5.02,5.04,4.95,4.96,323669.86,161388.373
20250812,5.02,5.06,5.01,5.02,265614.4,133709.204
20250811,5.07,5.09,4.99,5.01,359671.98,180562.042
20250808,5.12,5.14,5.06,5.07,235797.91,120222.776
20250807,5.11,5.13,5.05,5.13,274793.3,140212.759
20250806,5.08,5.12,5.04,5.11,386935.32,196672.905
20250805,4.92,5.07,4.92,5.06,429113.94,214862.461
20250804,4.79,5.04,4.79,4.94,823955.13,408217.16
20250801,4.9,5.01,4.8,4.81,908196.5,445493.214
20250731,4.86,4.88,4.72,4.75,542961.68,258785.401
20250730,4.86,4.89,4.83,4.88,369760.73,179822.862
20250729,4.94,5.01,4.84,4.86,394938.98,193300.034
20250728,4.87,5.03,4.87,4.94,603731.65,300403.136
20250725,4.86,4.91,4.85,4.86,340811.17,166370.278
20250724,4.98,4.98,4.82,4.88,547462.84,266743.574
20250723,4.96,5.02,4.96,4.97,310883.34,155210.218
20250722,4.99,4.99,4.86,4.98,349866.87,172470.689
20250721,5.01,5.04,4.98,4.99,236602.87,118278.263
20250718,4.98,5.01,4.96,5.01,211130.05,105404.638
20250717,4.99,5.02,4.96,4.98,207130.01,103233.249
20250716,5.02,5.05,4.96,4.99,340402.08,169772.901
20250715,5.12,5.15,5.02,5.03,351340.7,178325.225
20250714,5.07,5.16,5.07,5.11,397712.47,203823.623
20250711,5.2,5.22,5.08,5.08,600024.1,308892.322
20250710,5.16,5.24,5.14,5.19,539280.83,280391.276
20250709,5.12,5.18,5.1,5.16,455205.4,234383.662
20250708,5.18,5.23,5.09,5.13,450950.8,231555.391
20250707,5.13,5.2,5.08,5.19,474479.3,244040.542
20250704,5.05,5.16,5.05,5.13,504268.64,258390.345
20250703,5.1,5.15,5.05,5.07,360923.77,183545.246
20250702,5.06,5.14,5.05,5.1,474768.6,242203.107
20250701,4.96,5.12,4.96,5.07,524100.6,264368.541
20250630,5,5.01,4.89,4.98,599321.08,296627.853
20250627,5.21,5.26,5.02,5.05,999156.07,511811.484
20250626,5.05,5.29,5.03,5.28,981010.76,508212.906
20250625,5.17,5.2,5.11,5.19,610364.28,315336.01
20250624,5.19,5.26,5.14,5.19,627754.45,325863.894
20250623,5.25,5.28,5.12,5.22,571871.7,296740.52
20250620,5.17,5.26,5.12,5.24,615211.82,319912.025
20250619,5.25,5.28,5.14,5.16,638195.2,330231.36
20250618,5.21,5.25,5.18,5.24,370201.7,193332.721
20250617,5.28,5.31,5.19,5.22,352271.83,184473.08
20250616,5.28,5.3,5.23,5.28,487571.92,256485.98
20250613,5.36,5.45,5.27,5.29,443674.86,236701.65
20250612,5.27,5.43,5.21,5.32,730612.76,389489.549
20250611,5.16,5.19,5.1,5.14,345984.68,177863.028
20250610,5.14,5.24,5.13,5.16,427604.47,221337.661
20250609,5.1,5.17,5.04,5.16,304001.6,155280.587
20250606,5.11,5.15,5.04,5.11,319541.73,162661.66
20250605,5.19,5.21,5.06,5.09,368135.31,188080.932
20250604,5.23,5.26,5.14,5.19,438316.94,227415.548
20250603,4.96,5.28,4.92,5.25,941232.73,483246.662
20250530,4.9,5,4.9,4.99,374189.77,185486.44
20250529,4.9,4.95,4.88,4.9,288004.21,141401.84
20250528,4.95,4.97,4.86,4.91,366590.47,179908.905
20250527,4.94,5.04,4.91,4.95,395884.46,196908.195
20250526,5.04,5.05,4.91,4.93,403914.7,200409.338
20250523,5.08,5.19,5.03,5.06,599333,305306.74
20250522,4.88,5.12,4.88,5.06,715994.03,359861.175
20250521,4.82,4.9,4.79,4.88,289531.61,140768.523
20250520,4.83,4.88,4.79,4.82,280514.49,135304.044
20250519,4.82,4.9,4.8,4.83,366550.49,177490.485
20250516,4.81,4.87,4.8,4.83,416204.24,201179.857
20250515,4.86,4.92,4.83,4.84,392820.83,191200.614
20250514,4.88,4.92,4.84,4.88,440722.02,214981.563
20250513,4.82,4.94,4.76,4.91,479066.37,233617.99
20250512,4.81,4.9,4.71,4.84,509783.25,246708.54
20250509,4.7,4.88,4.69,4.86,681122.29,328535.825
20250508,4.54,4.75,4.54,4.7,569270.5,265474.313
20250507,4.54,4.6,4.5,4.56,383568.09,174414.331
20250506,4.51,4.54,4.4,4.52,437273.26,195175.722
20250430,4.59,4.64,4.48,4.54,407226.6,184392.886
20250429,4.55,4.69,4.47,4.61,581518.64,267374.137
20250428,4.47,4.58,4.45,4.58,490866.12,222768.183
20250425,4.39,4.47,4.38,4.45,314085.36,139264.312
20250424,4.34,4.44,4.34,4.38,299186.96,131373.541
20250423,4.31,4.39,4.29,4.33,357169.46,155264.2
20250422,4.22,4.32,4.22,4.31,387339.47,166050.681
20250421,4.25,4.3,4.2,4.21,332462,141049.52
20250418,4.2,4.25,4.2,4.24,248964.95,105273.573
20250417,4.15,4.23,4.09,4.22,441890.79,184545.549
20250416,4.08,4.15,4.07,4.15,349588.99,143750.04
20250415,3.98,4.09,3.97,4.09,426996.94,172857.35
20250414,4,4.01,3.97,3.98,309421.9,123376.716
20250411,3.98,4,3.95,3.97,243357.06,96723.215
20250410,4.02,4.04,3.98,4,318881.6,127969.797
20250409,4.01,4.02,3.91,3.98,403554.42,159718.276
20250408,3.89,4.1,3.89,4.03,616496.75,247525.792
20250407,4.1,4.14,3.81,3.89,682425.62,271627.668
20250403,4.21,4.25,4.19,4.23,245308.65,103530.321
20250402,4.16,4.24,4.15,4.23,366307.12,154369.633
20250401,4.2,4.23,4.13,4.16,395216.7,164611.188
20250331,4.18,4.24,4.16,4.22,408465.88,171707.637
20250328,4.19,4.22,4.15,4.18,355102.3,148705.256
20250327,4.17,4.22,4.15,4.19,392376.78,163992.724
20250326,4.29,4.32,4.22,4.25,330054.9,140386.43
20250325,4.28,4.33,4.28,4.3,324730.77,139682.514
20250324,4.25,4.28,4.23,4.28,297624.3,126760.63
20250321,4.25,4.29,4.21,4.24,248194.03,105505.076
20250320,4.24,4.33,4.24,4.26,264598.54,112943.344
20250319,4.18,4.28,4.17,4.27,431993.21,182674.937
20250318,4.19,4.21,4.16,4.19,267291.63,111753.242
20250317,4.16,4.2,4.13,4.18,360099.1,150264.146
20250314,4.13,4.2,4.13,4.15,361451.43,150441.523
20250313,4.12,4.15,4.11,4.14,220111.95,90903.574
20250312,4.1,4.13,4.07,4.12,224416.5,92165.878
20250311,4.07,4.11,4.07,4.11,225725.6,92336.225
20250310,4.13,4.14,4.06,4.09,282578.45,115585.381
20250307,4.14,4.19,4.13,4.14,241205.79,100189.9
20250306,4.2,4.21,4.12,4.16,341749.53,141737.759
20250305,4.13,4.21,4.12,4.2,382039.93,159387.788
20250304,4.08,4.13,4.06,4.13,307157.67,126214.083
20250303,4.09,4.11,4.04,4.08,328476.86,133857.377
20250228,4.09,4.13,4.06,4.08,320175.56,130997.693
20250227,4.1,4.12,4.06,4.11,289312.6,118581.869
20250226,4.05,4.12,4.05,4.09,363846.1,148794.903
20250225,4.08,4.1,4.03,4.06,323047.3,131284.356
20250224,4.09,4.11,4.05,4.08,320075.64,130493.818
20250221,4.13,4.14,4.06,4.09,390080.57,159321.189
20250220,4.16,4.18,4.12,4.13,271119.02,112232.21
20250219,4.19,4.21,4.14,4.15,443139.44,184497.795
20250218,4.14,4.3,4.13,4.2,660865.13,278962.155
20250217,4.16,4.18,4.1,4.14,402019.85,166127.791
20250214,4.13,4.17,4.1,4.16,362387.49,149801.753
20250213,4.16,4.19,4.1,4.15,477238.03,198179.42
20250212,4.09,4.18,4.06,4.16,780437.86,322415.527
20250211,3.98,4.08,3.97,4.07,998501.23,402898.95
20250210,3.91,3.92,3.88,3.88,377616.84,147224.135
20250207,3.93,3.94,3.9,3.92,409095.02,160306.453
20250206,3.93,3.96,3.9,3.94,301626.81,118495.751
20250205,4.04,4.04,3.91,3.93,388642.03,153993.738
20250127,3.98,4.07,3.97,4.02,372300.92,150351.402
20250124,3.96,3.99,3.93,3.96,371429.15,147128.531
20250123,3.95,4.03,3.92,3.98,440311.9,175161.803
20250122,3.95,3.96,3.89,3.91,378410.25,148037.618
20250121,4.04,4.05,3.95,3.96,411849.8,164027.829
20250120,4.03,4.09,4.01,4.03,393272.66,159424.247
20250117,3.98,4.04,3.94,4.02,409111.75,163558.624
20250116,3.94,4.02,3.92,4,541054,215226.621
20250115,3.85,3.93,3.85,3.92,399931.2,156203.247
20250114,3.79,3.87,3.78,3.87,332564.1,127457.158
20250113,3.8,3.83,3.73,3.8,374973.52,141532.816
20250110,3.86,3.88,3.78,3.85,346165.15,133039.531
20250109,3.86,3.89,3.8,3.86,299891.69,115614.567
20250108,3.85,3.9,3.82,3.87,343509.4,132697.908
20250107,3.84,3.86,3.8,3.86,287495.48,110207.128
20250106,3.77,3.87,3.74,3.84,513759,195281.553
20250103,3.8,3.85,3.76,3.76,436100.37,165342.28
20250102,3.88,3.9,3.76,3.79,610963.7,234481.513
20241231,3.94,4,3.86,3.88,529203.78,208230.419
20241230,3.86,3.95,3.85,3.94,554487.62,216884.81
20241227,3.84,3.88,3.79,3.86,396413.7,152235.11
20241226,3.87,3.88,3.82,3.84,314484.4,120970.999
20241225,3.85,3.88,3.81,3.87,402653.01,155046.376
20241224,3.78,3.84,3.77,3.84,361438.25,138077.284
20241223,3.74,3.82,3.74,3.79,453551.47,171723.574
20241220,3.76,3.79,3.72,3.74,314901.7,118076.91
20241219,3.77,3.78,3.72,3.78,365138.54,136854.657
20241218,3.76,3.81,3.74,3.79,410432.81,155565.012
20241217,3.77,3.81,3.72,3.74,420631.26,158048.585
20241216,3.78,3.81,3.77,3.78,391127.41,148222.685
20241213,3.86,3.86,3.76,3.77,471274.38,179239.994
20241212,3.81,3.88,3.8,3.87,453235,174465.952
20241211,3.82,3.85,3.8,3.81,338103.7,129161.897
20241210,3.84,3.87,3.8,3.84,463850.12,177721.637
20241209,3.8,3.83,3.78,3.79,306563.32,116663.934
20241206,3.73,3.81,3.73,3.8,467198.86,176662.451
20241205,3.74,3.76,3.72,3.74,272671.35,101856.049
20241204,3.76,3.78,3.73,3.75,359287.36,134882.312
20241203,3.73,3.77,3.71,3.77,304713.2,114027.916
20241202,3.76,3.77,3.72,3.74,393400.1,147403.583
20241129,3.73,3.79,3.72,3.75,430426.31,161981.47
20241128,3.7,3.75,3.68,3.73,387102.01,143848.53
20241127,3.64,3.7,3.58,3.7,365532.8,133201.215
20241126,3.62,3.67,3.6,3.65,296071.42,107848.61
20241125,3.61,3.67,3.59,3.64,336900.21,122251.88
20241122,3.74,3.77,3.58,3.59,572623.5,210364.706
20241121,3.77,3.78,3.71,3.74,433838.24,162095.805
20241120,3.8,3.85,3.76,3.78,485095.88,183586.77
20241119,3.79,3.88,3.75,3.81,665387.24,253842.47
20241118,3.74,3.88,3.74,3.81,964968.09,368822.916
20241115,3.7,3.77,3.69,3.71,393588.39,146781.792
20241114,3.74,3.77,3.7,3.71,364385.83,136211.845
20241113,3.71,3.76,3.69,3.75,330001.33,123256.826
20241112,3.75,3.79,3.7,3.72,433765.6,162490.054
20241111,3.79,3.8,3.72,3.76,383950.12,143986.239
20241108,3.91,3.93,3.78,3.79,665991.96,255017.547
20241107,3.77,3.89,3.76,3.89,682201.52,261039.188
20241106,3.84,3.86,3.75,3.79,635670.83,240282.684
20241105,3.77,3.85,3.75,3.85,528131.85,200750.452
20241104,3.73,3.77,3.67,3.77,491976.05,182974.145
20241101,3.69,3.78,3.68,3.72,576635.42,215004.761
20241031,3.67,3.71,3.63,3.7,444856.84,163567.81
20241030,3.69,3.76,3.65,3.67,441256.7,163207.573
20241029,3.74,3.83,3.69,3.7,682115.89,256535.086
20241028,3.69,3.71,3.66,3.71,260925.58,96108.475
20241025,3.71,3.72,3.66,3.7,307215.94,113567.658
20241024,3.74,3.75,3.7,3.72,226911.6,84345.375
20241023,3.73,3.76,3.71,3.75,335628.54,125520.552
20241022,3.72,3.77,3.68,3.73,424286.45,157924.49
20241021,3.71,3.73,3.64,3.71,556936.32,204839.999
20241018,3.71,3.76,3.61,3.71,562662.68,207582.407
20241017,3.76,3.78,3.68,3.69,415533.6,154588.313
20241016,3.6,3.79,3.6,3.76,572327.98,213502.994
20241015,3.68,3.78,3.64,3.65,581259.65,216043.876
20241014,3.62,3.75,3.61,3.71,686325.8,252735.861
20241011,3.61,3.66,3.52,3.55,504207.01,181499.644
20241010,3.6,3.72,3.56,3.63,688786.94,251473.12
20241009,3.8,3.8,3.54,3.56,794378.4,291017.709
20241008,4.15,4.15,3.72,3.87,1061743.37,413675.166
20240930,3.57,3.8,3.55,3.78,961378.41,352766.832
20240927,3.58,3.6,3.44,3.51,644067.7,224791.205
20240926,3.4,3.54,3.37,3.54,537706.69,185031.615
20240925,3.33,3.44,3.33,3.39,529927.35,179667.476
20240924,3.15,3.3,3.15,3.3,485795.73,157235.932
20240923,3.08,3.15,3.07,3.15,254220.86,79236.587
20240920,3.07,3.09,3.06,3.08,163533.9,50305.58
20240919,3.06,3.09,3.03,3.07,178894.7,54835.937
20240918,3.05,3.06,3.01,3.06,169731.62,51449.198
20240913,3.05,3.09,3.04,3.04,152496.92,46679.756
20240912,3.05,3.08,3.03,3.06,181848.7,55660.793
20240911,3.1,3.1,3.03,3.05,235257.4,72034.254
20240910,3.09,3.11,3.05,3.11,240704.4,73999.464
20240909,3.14,3.14,3.07,3.09,233212.3,72248.88
20240906,3.15,3.19,3.14,3.14,179797.26,56913.432
20240905,3.16,3.17,3.14,3.15,171766.2,54096.571
20240904,3.21,3.22,3.15,3.16,307602.9,97845.181
20240903,3.26,3.28,3.2,3.22,362928.8,116905.152
20240902,3.28,3.31,3.26,3.26,407138.4,133398.349
20240830,3.25,3.36,3.23,3.3,588234.69,194661.093
20240829,3.26,3.31,3.22,3.24,434587.45,141938.76
20240828,3.31,3.31,3.23,3.24,279582.6,91241.931
20240827,3.28,3.33,3.27,3.31,262499.44,86794.959
20240826,3.26,3.29,3.24,3.29,214541.2,70174.294
20240823,3.29,3.29,3.24,3.27,291159.3,95050.729
20240822,3.28,3.31,3.27,3.3,254200.57,83658.842
20240821,3.33,3.33,3.26,3.27,254531.32,83765.853
20240820,3.36,3.39,3.31,3.33,278963.3,93226.054
20240819,3.3,3.36,3.29,3.36,327202,108985.083
20240816,3.25,3.3,3.24,3.29,347062.5,113784.636
20240815,3.22,3.26,3.2,3.24,240587.44,78013.189
20240814,3.22,3.25,3.21,3.22,134459.3,43396.42
20240813,3.19,3.24,3.19,3.23,195452.1,62938.178
20240812,3.23,3.23,3.19,3.19,194842.4,62433.085
20240809,3.22,3.27,3.22,3.23,245166.5,79595.677
20240808,3.23,3.24,3.2,3.23,171449.65,55225.644
20240807,3.21,3.26,3.21,3.23,212895.7,68941.202
20240806,3.26,3.27,3.19,3.22,297313.1,95729.39
20240805,3.28,3.31,3.24,3.24,263925.5,86449.894
20240802,3.3,3.32,3.28,3.29,202976.4,66963.665
20240801,3.32,3.34,3.29,3.31,206371.2,68371.522
20240731,3.27,3.33,3.27,3.32,322311.86,106496.745
20240730,3.27,3.3,3.25,3.28,174129.64,57053.486
20240729,3.23,3.28,3.21,3.27,249208.5,81035.973
20240726,3.26,3.27,3.2,3.23,280241,90524.167
20240725,3.28,3.31,3.24,3.26,265019,86661.055
20240724,3.28,3.32,3.27,3.28,249689,82258.301
20240723,3.26,3.34,3.26,3.29,347700.16,115057.29
20240722,3.31,3.32,3.25,3.28,305190.5,99983.049
20240719,3.34,3.35,3.3,3.33,256630.65,85114.706
20240718,3.34,3.35,3.29,3.34,225139.4,74860.049
20240717,3.33,3.36,3.3,3.34,223387.1,74452.951
20240716,3.38,3.39,3.31,3.35,267337.4,89286.713
20240715,3.37,3.38,3.33,3.38,236177.9,79331.661
20240712,3.29,3.37,3.28,3.36,317881.7,106383.283
20240711,3.35,3.37,3.28,3.29,285194.3,94680.245
20240710,3.35,3.37,3.31,3.32,219406.5,73202.726
20240709,3.27,3.36,3.25,3.35,297026.6,98148.96
20240708,3.31,3.35,3.25,3.27,282355.19,92897.28
20240705,3.4,3.41,3.29,3.32,344178.89,114771.729
20240704,3.46,3.48,3.38,3.4,318667.99,109166.386
20240703,3.48,3.51,3.44,3.46,276443.1,95964.824
20240702,3.43,3.48,3.41,3.48,310024.18,107326.631
20240701,3.37,3.43,3.33,3.42,345668.9,117200.156
20240628,3.26,3.39,3.26,3.37,407866.11,136161.114
20240627,3.26,3.3,3.24,3.26,250896.2,81950.986
20240626,3.23,3.27,3.23,3.27,287983.16,93776.156
20240625,3.21,3.26,3.2,3.23,266591.8,86316.33
20240624,3.27,3.28,3.2,3.2,288364.18,92956.478
20240621,3.24,3.31,3.23,3.27,304213.86,99618.722
20240620,3.31,3.32,3.23,3.23,427260.6,139508.008
20240619,3.45,3.48,3.44,3.47,303482.32,105110.371
20240618,3.42,3.48,3.4,3.44,319466.12,109953.427
20240617,3.42,3.48,3.41,3.41,361214,124314.802
20240614,3.38,3.44,3.38,3.43,294124.9,100345.466
20240613,3.43,3.45,3.38,3.39,258630.6,88055.003
20240612,3.43,3.45,3.39,3.43,301896.5,103148.097
20240611,3.5,3.53,3.42,3.44,340838.3,117694.374
20240607,3.49,3.52,3.46,3.51,277859.4,97000.832
20240606,3.49,3.51,3.46,3.48,323557.09,112601.516
20240605,3.59,3.6,3.49,3.5,305658.3,107732.537
20240604,3.55,3.62,3.52,3.61,329384.66,117830.851
20240603,3.63,3.63,3.52,3.55,444902.52,157916.763
20240531,3.62,3.65,3.58,3.63,295182.72,106867.691
20240530,3.67,3.69,3.59,3.62,382135.85,139020.999
20240529,3.73,3.74,3.64,3.68,583260.7,215124.008
20240528,3.8,3.82,3.72,3.74,384061.9,144259.477
20240527,3.81,3.83,3.77,3.81,356966.09,135541.614
20240524,3.77,3.87,3.76,3.81,363222.92,139031.643
20240523,3.81,3.84,3.76,3.79,316001.9,119901.822
20240522,3.75,3.84,3.74,3.82,395728.9,150560.03
20240521,3.68,3.75,3.66,3.74,349029.93,129610.53
20240520,3.7,3.74,3.66,3.68,498140.29,184204.706
20240517,3.63,3.69,3.6,3.69,412172.46,150285.449
20240516,3.55,3.65,3.54,3.63,454292,164132.874
20240515,3.53,3.59,3.52,3.55,273000.7,96965.514
20240514,3.51,3.56,3.5,3.53,308139.1,108868.212
20240513,3.48,3.53,3.45,3.51,338638.59,118308.229
20240510,3.46,3.48,3.44,3.47,215728.9,74713.069
20240509,3.41,3.47,3.4,3.46,251991.53,86850.977
20240508,3.43,3.46,3.39,3.4,235337.6,80558.928
20240507,3.48,3.49,3.4,3.44,301426.3,103474.44
20240506,3.47,3.52,3.46,3.47,438215.9,152724.054
20240430,3.4,3.49,3.39,3.47,635681.67,220199.244
20240429,3.28,3.37,3.26,3.37,471645.14,157151.303
20240426,3.35,3.36,3.23,3.29,482828.87,158767.795
20240425,3.29,3.36,3.29,3.36,268619.15,89415.306
20240424,3.32,3.34,3.28,3.3,223215.3,73700.133
20240423,3.35,3.37,3.31,3.32,240658.97,80329.414
20240422,3.39,3.41,3.33,3.34,283819.09,95452.794
20240419,3.38,3.42,3.36,3.38,274168.18,92948.426
20240418,3.35,3.42,3.34,3.39,440842.89,148980.557
20240417,3.29,3.36,3.27,3.35,453646.08,150298.015
20240416,3.33,3.35,3.27,3.29,313601.12,103798.106
20240415,3.29,3.34,3.26,3.33,310548.75,102849.172
20240412,3.3,3.32,3.28,3.29,200334.7,66105.704
20240411,3.31,3.34,3.28,3.32,250613.45,82928.136
20240410,3.34,3.37,3.3,3.32,259063.3,86446.364
20240409,3.32,3.35,3.31,3.35,213125.71,71083.688
20240408,3.31,3.36,3.3,3.32,345087.53,114988.181
20240403,3.32,3.33,3.28,3.32,162900.6,53852.912
20240402,3.32,3.35,3.3,3.32,256123.64,85229.629
20240401,3.23,3.33,3.23,3.32,481409.13,158324.401
20240329,3.22,3.24,3.21,3.23,219325.8,70774.105
20240328,3.27,3.27,3.22,3.22,297359.8,96372.734
20240327,3.25,3.29,3.25,3.26,364675.3,119298.275
20240326,3.23,3.25,3.22,3.25,199543.6,64593.265
20240325,3.22,3.25,3.21,3.22,172972.84,55924.609
20240322,3.25,3.25,3.21,3.22,141904.2,45767.272
20240321,3.24,3.26,3.22,3.25,199747.51,64810.382
20240320,3.21,3.24,3.2,3.23,149234.5,48107.841
20240319,3.24,3.25,3.21,3.21,167007.6,53883.314
20240318,3.24,3.25,3.22,3.25,159818.68,51725.237
20240315,3.21,3.24,3.2,3.23,150727.9,48546.557
20240314,3.21,3.24,3.2,3.21,165029.6,53100.804
20240313,3.24,3.25,3.21,3.22,185744.21,59867.683
20240312,3.26,3.26,3.23,3.25,194306,63005.609
20240311,3.28,3.29,3.24,3.26,218698.8,71284.746
20240308,3.26,3.29,3.25,3.28,178745.6,58450.183
20240307,3.24,3.28,3.22,3.26,292412.7,95412.337
20240306,3.24,3.26,3.23,3.23,197952.5,64317.878
20240305,3.21,3.25,3.21,3.25,235669.47,76145.262
20240304,3.26,3.26,3.21,3.21,214480.4,69157.308
20240301,3.25,3.27,3.24,3.26,230424.54,74983.99
20240229,3.22,3.26,3.21,3.26,276818.54,89736.595
20240228,3.27,3.29,3.23,3.23,366334.56,119678.999
20240227,3.24,3.28,3.24,3.27,228824.74,74484.999
20240226,3.31,3.31,3.24,3.25,280502.7,91721.155
20240223,3.31,3.35,3.29,3.31,262399.17,86935.243
20240222,3.3,3.31,3.27,3.31,259315.99,85397.907
20240221,3.25,3.36,3.24,3.31,492968.94,163367.367
20240220,3.25,3.27,3.22,3.26,266446.9,86582.116
20240219,3.23,3.27,3.21,3.26,367682.37,119198.563
20240208,3.24,3.29,3.2,3.23,524103.87,170436.856
20240207,3.17,3.3,3.16,3.25,598392.41,191822.181
20240206,3.05,3.2,3.03,3.18,497989.52,154880.933
20240205,3.08,3.11,2.99,3.05,487979.56,148727.233
20240202,3.13,3.17,3.03,3.1,367520.3,114468.852
20240201,3.15,3.17,3.11,3.12,301954.8,94863.689
20240131,3.17,3.21,3.11,3.16,347516.08,109935.805
20240130,3.22,3.26,3.17,3.19,404951.71,130488.874
20240129,3.27,3.31,3.2,3.23,580533.43,188752.269
20240126,3.18,3.26,3.17,3.23,584927.96,188380.331
20240125,3.07,3.14,3.06,3.13,305054.8,94979.113
20240124,2.99,3.08,2.98,3.07,282631.8,85550.481
20240123,2.96,3.01,2.92,2.99,262792.2,77790.609
20240122,3.08,3.08,2.95,2.96,335559.9,101373.116
20240119,3.07,3.11,3.05,3.08,203312.44,62652.446
20240118,3.09,3.1,3,3.07,322954.49,98424.251
20240117,3.14,3.17,3.1,3.11,212110,66620.748
20240116,3.11,3.15,3.1,3.15,266029.8,83252.833
20240115,3.09,3.12,3.08,3.12,156418.1,48569.543
20240112,3.06,3.12,3.05,3.1,177228,54873.807
20240111,3.04,3.08,3.04,3.07,139034.3,42547.703
20240110,3.05,3.06,3.04,3.04,141101.69,43028.253
20240109,3.02,3.07,3,3.06,192309.2,58451.532
20240108,3.08,3.09,3.03,3.03,244451.9,74641.789
20240105,3.05,3.12,3.04,3.08,340409.3,105160.11
20240104,3.06,3.07,3.03,3.05,127765.8,38942.111
20240103,3.04,3.07,3.04,3.06,167611.68,51238.333
20240102,3.05,3.07,3.04,3.04,169768.3,51871.769
20231229,3.04,3.06,3.04,3.05,101146.4,30839.591
20231228,3.01,3.05,3,3.05,146319.87,44391.163
20231227,2.99,3.02,2.96,3.01,170192.56,50879.051
20231226,3.02,3.02,2.99,2.99,124229.4,37297.022
20231225,3.03,3.04,3.01,3.02,121736.1,36756.78
20231222,3.04,3.06,3.02,3.04,178917.6,54385.701
20231221,3.05,3.05,3.01,3.04,203949.7,61760.741
20231220,3.07,3.1,3.05,3.05,139144.2,42770.682
20231219,3.08,3.09,3.05,3.06,145542.4,44593.228
20231218,3.08,3.11,3.07,3.08,121175,37380.079
20231215,3.11,3.12,3.09,3.09,124578.8,38674.183
20231214,3.13,3.14,3.1,3.11,138948.8,43271.111
20231213,3.13,3.16,3.11,3.12,165803.92,51997.306
20231212,3.09,3.14,3.08,3.13,215650.9,67292.726
20231211,3.08,3.11,3.04,3.09,322448.8,98857.464
20231208,3.12,3.13,3.09,3.09,148960.84,46312.831
20231207,3.09,3.13,3.07,3.12,172174.7,53414.465
20231206,3.1,3.11,3.07,3.09,140010.6,43314.211
20231205,3.13,3.13,3.1,3.1,171107.27,53339.615
20231204,3.13,3.14,3.12,3.13,142685.7,44637.415
20231201,3.12,3.15,3.1,3.12,213665.8,66824.508
20231130,3.11,3.13,3.1,3.11,135642.95,42231.471
20231129,3.17,3.17,3.11,3.11,273845.82,85890.505
20231128,3.19,3.19,3.17,3.17,127234.8,40378.877
20231127,3.22,3.23,3.17,3.19,205577.34,65513.394
20231124,3.2,3.23,3.19,3.22,187961.19,60429.963
20231123,3.18,3.21,3.17,3.2,114256.52,36505.807
20231122,3.2,3.21,3.18,3.18,116521.8,37223.408
20231121,3.2,3.23,3.18,3.21,241242.3,77435.861
20231120,3.17,3.2,3.16,3.2,168551.6,53678.652
20231117,3.19,3.19,3.16,3.17,190187.2,60317.854
20231116,3.2,3.21,3.18,3.19,112574.22,35958.083
20231115,3.21,3.21,3.19,3.2,154110.4,49322.166
20231114,3.18,3.2,3.17,3.19,166149.3,53007.011
20231113,3.18,3.19,3.15,3.18,195553.63,61981.448
20231110,3.21,3.22,3.18,3.18,192398.87,61423.008
20231109,3.21,3.23,3.2,3.22,172522.66,55566.998
20231108,3.23,3.24,3.2,3.21,263541.33,84772.764
20231107,3.26,3.26,3.23,3.24,245193.99,79400.121
20231106,3.26,3.27,3.24,3.26,343984.23,112010.34
20231103,3.27,3.27,3.25,3.25,197808.24,64469.434
20231102,3.26,3.28,3.25,3.26,226035.44,73778.899
20231101,3.27,3.3,3.25,3.26,277733.14,90723.18
20231031,3.26,3.28,3.24,3.26,264868.88,86372.116
20231030,3.31,3.31,3.24,3.25,296669.1,96716.983
20231027,3.38,3.4,3.28,3.31,359033.82,118877.006
20231026,3.35,3.4,3.34,3.39,121691.02,41089.452
20231025,3.33,3.39,3.32,3.37,192048.58,64447.027
20231024,3.37,3.37,3.28,3.32,250100.72,83120.301
20231023,3.39,3.4,3.33,3.36,154067.23,51952.909
20231020,3.36,3.44,3.33,3.4,149741.5,50820.194
20231019,3.42,3.43,3.36,3.37,169283.5,57324.271
20231018,3.45,3.48,3.42,3.42,139151.48,47979.604
20231017,3.45,3.48,3.44,3.46,146454.1,50571.698
20231016,3.44,3.47,3.4,3.45,177909.51,61116.474
20231013,3.42,3.48,3.38,3.44,225412.1,77616.991
20231012,3.46,3.49,3.43,3.43,209714.2,72533.808
20231011,3.43,3.47,3.41,3.42,206582.43,71070.551
20231010,3.49,3.52,3.42,3.42,206223.7,71162.239
20231009,3.47,3.52,3.42,3.51,270893.56,93894.844
20230928,3.48,3.52,3.47,3.48,170363.35,59548.388
20230927,3.49,3.52,3.45,3.47,218430,75985.329
20230926,3.5,3.54,3.49,3.5,143523.68,50426.567
20230925,3.5,3.54,3.47,3.52,197193.6,69206.895
20230922,3.5,3.54,3.47,3.52,213416,74770.411
20230921,3.54,3.54,3.49,3.52,197644.6,69528.574
20230920,3.51,3.56,3.48,3.54,291219.3,103098.035
20230919,3.48,3.53,3.48,3.51,226055.6,79440.294
20230918,3.48,3.51,3.44,3.49,210098.41,72942.3
20230915,3.5,3.52,3.47,3.49,211311.6,73807.512
20230914,3.45,3.5,3.43,3.48,275584.37,95893.92
20230913,3.43,3.45,3.42,3.44,151619.65,52129.208
20230912,3.43,3.46,3.42,3.44,181488.88,62362.452
20230911,3.41,3.47,3.4,3.45,271072.27,93340.742
20230908,3.41,3.43,3.39,3.41,186472.27,63599.733
20230907,3.41,3.45,3.39,3.41,253793.54,86967.473
20230906,3.38,3.43,3.36,3.41,221097.8,75156.819
20230905,3.43,3.43,3.36,3.39,281179.5,95343.348
20230904,3.33,3.44,3.32,3.43,455510.28,155343.304
20230901,3.22,3.36,3.22,3.31,580388.37,192370.758
20230831,3.23,3.27,3.2,3.21,398794.34,128991.735
20230830,3.28,3.29,3.2,3.2,421407.9,136075.672
20230829,3.41,3.41,3.23,3.29,728824.38,240111.646
20230828,3.54,3.6,3.4,3.42,321470.8,111576.126
20230825,3.33,3.42,3.32,3.37,168803.9,57076.592
20230824,3.37,3.39,3.31,3.32,140976.1,47111.672
20230823,3.38,3.4,3.36,3.37,149274.65,50464.796
20230822,3.35,3.41,3.35,3.38,168475.79,56903.242
20230821,3.39,3.41,3.34,3.35,120359.1,40652.55
20230818,3.39,3.45,3.38,3.4,162773.21,55655.499
20230817,3.43,3.46,3.36,3.39,189951.5,64565.226
20230816,3.41,3.47,3.38,3.43,195165.7,66955.548
20230815,3.36,3.44,3.36,3.41,140035.9,47597.805
20230814,3.41,3.41,3.37,3.38,126713.25,42901.734
20230811,3.45,3.47,3.41,3.43,139452.9,48023.035
20230810,3.46,3.47,3.43,3.46,95548.9,32994.773
20230809,3.47,3.48,3.45,3.46,125183.2,43343.21
20230808,3.46,3.48,3.43,3.47,164411.7,56885.319
20230807,3.49,3.49,3.43,3.46,213714.74,73785.959
20230804,3.49,3.55,3.47,3.49,350346.57,122968.846
20230803,3.46,3.5,3.43,3.49,269023.3,93289.962
20230802,3.45,3.49,3.43,3.45,314901.2,108726.364
20230801,3.47,3.51,3.44,3.49,342860.64,119318.085
20230731,3.41,3.5,3.4,3.48,522350.54,180762.644
20230728,3.3,3.42,3.3,3.41,396053.4,133825.997
20230727,3.29,3.35,3.27,3.32,230167.06,76240.334
20230726,3.28,3.3,3.27,3.3,132539.69,43538.291
20230725,3.24,3.3,3.24,3.29,195558.35,64025.322
20230724,3.18,3.26,3.17,3.25,278374.09,89835.073
20230721,3.17,3.2,3.16,3.2,102659.5,32749.936
20230720,3.19,3.21,3.17,3.18,116704.13,37250.564
20230719,3.18,3.19,3.16,3.19,94953.2,30174.012
20230718,3.17,3.18,3.16,3.17,58832.42,18652.675
20230717,3.16,3.17,3.14,3.17,61046.64,19264.209
20230714,3.17,3.18,3.16,3.17,70516.12,22352.845
20230713,3.15,3.18,3.15,3.17,100959.04,31984.752
20230712,3.17,3.18,3.14,3.15,78021.19,24661.679
20230711,3.16,3.17,3.14,3.16,77132.19,24361.978
20230710,3.13,3.16,3.13,3.16,62493.49,19661.565
20230707,3.12,3.16,3.11,3.13,88964.1,27919.61
20230706,3.14,3.16,3.12,3.12,89077.76,27908.987
20230705,3.14,3.17,3.13,3.15,95047,29924.458
20230704,3.15,3.16,3.13,3.14,99656.38,31336.532
20230703,3.13,3.18,3.12,3.16,144928.2,45679.918
20230630,3.1,3.13,3.09,3.13,121930.8,37980.592
20230629,3.09,3.11,3.08,3.1,106351.53,32946.932
20230628,3.1,3.11,3.07,3.1,87607.38,27074.712
20230627,3.07,3.11,3.06,3.1,94756.24,29339.984
20230626,3.08,3.09,3.04,3.06,163935.5,50216.808
20230621,3.13,3.13,3.08,3.08,213944.97,66436.075
20230620,3.28,3.29,3.26,3.26,168943.54,55312.186
20230619,3.31,3.32,3.27,3.28,199365.54,65546.976
20230616,3.35,3.35,3.3,3.31,214532.7,71260.318
20230615,3.34,3.36,3.32,3.34,129270.55,43111.635
20230614,3.36,3.38,3.33,3.34,181244.3,60800.93
20230613,3.39,3.4,3.36,3.36,153327.28,51712.453
20230612,3.42,3.44,3.37,3.38,288440.99,97715.179
20230609,3.4,3.48,3.38,3.42,507954.28,174847.161
20230608,3.33,3.41,3.32,3.4,297127.68,100132.96
20230607,3.3,3.35,3.29,3.34,158375.54,52683.381
20230606,3.32,3.34,3.28,3.29,146267.18,48486.394
20230605,3.31,3.34,3.3,3.32,124827,41415.921
20230602,3.29,3.32,3.28,3.31,194849.95,64299.01
20230601,3.28,3.31,3.26,3.28,161313.79,52950.728
20230531,3.29,3.29,3.26,3.28,131867.6,43180.882
20230530,3.3,3.3,3.26,3.29,170498.34,55918.686
20230529,3.31,3.33,3.28,3.29,209925.79,69311.244
20230526,3.31,3.32,3.28,3.31,145401.06,48056.37
20230525,3.3,3.32,3.28,3.31,162972.59,53740.184
20230524,3.36,3.36,3.3,3.31,223982.32,74330.644
20230523,3.39,3.4,3.34,3.34,193595.46,65153.631
20230522,3.42,3.42,3.37,3.39,160951.7,54682.881
20230519,3.48,3.48,3.4,3.41,264758.5,90710.878
20230518,3.48,3.54,3.47,3.48,223625.8,78386.363
20230517,3.48,3.49,3.42,3.47,219271.15,75829.648
20230516,3.55,3.58,3.47,3.49,419974.54,147687.055
20230515,3.51,3.58,3.46,3.57,296534.85,104143.615
20230512,3.52,3.56,3.5,3.51,207523.13,73258.232
20230511,3.51,3.57,3.5,3.53,281885.81,99757.218
20230510,3.57,3.63,3.5,3.52,491381.76,174386.61
20230509,3.64,3.75,3.59,3.62,1000961.82,366843.495
20230508,3.44,3.64,3.42,3.61,961818.25,342072.515
20230505,3.41,3.46,3.4,3.43,445561.92,152934.371
20230504,3.32,3.41,3.31,3.4,423505.86,142776.327
20230428,3.3,3.33,3.29,3.32,152940.25,50757.868
20230427,3.28,3.31,3.27,3.3,121959.49,40097.819
20230426,3.29,3.29,3.24,3.28,162644.01,53108.721
20230425,3.28,3.31,3.27,3.29,209183.96,68849.985
20230424,3.29,3.3,3.27,3.27,131231.43,43043.438
20230421,3.32,3.34,3.28,3.28,157769.26,52243.456
20230420,3.32,3.33,3.28,3.32,169728.46,56125.994
20230419,3.35,3.35,3.31,3.32,233806.89,77941.809
20230418,3.32,3.34,3.31,3.32,190611.4,63364.457
20230417,3.27,3.31,3.27,3.31,200829.88,66228.486
20230414,3.28,3.3,3.27,3.28,125796.63,41276.215
20230413,3.26,3.29,3.25,3.28,155472.61,50824.335
20230412,3.25,3.28,3.24,3.26,114781.19,37462.003
20230411,3.27,3.27,3.25,3.25,122601.99,39932.797
20230410,3.29,3.29,3.26,3.27,89140.76,29181.753
20230407,3.28,3.29,3.28,3.28,103810.95,34076.146
20230406,3.29,3.3,3.28,3.28,80200.77,26330.63
20230404,3.29,3.3,3.28,3.3,84917.8,27949.499
20230403,3.28,3.3,3.27,3.29,122286.27,40148.223
20230331,3.28,3.3,3.27,3.28,85658.44,28100.916
20230330,3.29,3.3,3.26,3.28,100248.99,32882.054
20230329,3.3,3.3,3.28,3.28,80645.43,26504.516
20230328,3.31,3.31,3.29,3.3,81692.63,26963.752
20230327,3.33,3.33,3.29,3.3,130221.34,42990.942
20230324,3.32,3.34,3.31,3.32,122836.57,40798.551
20230323,3.3,3.33,3.29,3.32,141121.77,46757.174
20230322,3.3,3.32,3.29,3.32,129068.82,42666.151
20230321,3.29,3.31,3.28,3.29,115260.09,37926.409
20230320,3.31,3.33,3.28,3.29,159935,52829.652
20230317,3.31,3.34,3.3,3.31,161666.94,53588.406
20230316,3.29,3.34,3.28,3.3,159531.11,52840.283
20230315,3.31,3.32,3.29,3.31,139774.1,46225.61
20230314,3.3,3.31,3.25,3.28,212780.49,69753.924
20230313,3.31,3.34,3.29,3.32,245988.18,81426.545
20230310,3.39,3.4,3.32,3.33,423020.39,142073.164
20230309,3.44,3.47,3.41,3.41,300961.24,103291.64
20230308,3.44,3.46,3.39,3.43,629165.66,215041.676
20230307,3.41,3.64,3.4,3.48,966454.55,339856.209
20230306,3.45,3.46,3.4,3.4,188309.49,64386.532
20230303,3.42,3.45,3.4,3.45,219339.53,75217.524
20230302,3.42,3.43,3.4,3.42,142395.47,48619.011
20230301,3.41,3.42,3.38,3.42,147052.06,50106.897
20230228,3.38,3.39,3.36,3.39,92115.8,31116.258
20230227,3.41,3.41,3.36,3.37,119296.4,40361.087
20230224,3.43,3.43,3.39,3.41,116935.7,39802.184
20230223,3.41,3.43,3.4,3.42,202341.52,69168.929
20230222,3.43,3.43,3.4,3.4,113830.76,38828.68
20230221,3.44,3.44,3.39,3.43,190538.1,65093.825
20230220,3.36,3.42,3.35,3.41,252488.93,85651.279
20230217,3.37,3.39,3.35,3.35,143877.7,48452.256
20230216,3.37,3.43,3.35,3.37,254315.54,86416.724
20230215,3.42,3.43,3.38,3.38,142313.05,48285.229
20230214,3.4,3.43,3.39,3.42,193474.53,65965.939
20230213,3.4,3.41,3.37,3.39,164123.79,55551.225
20230210,3.38,3.4,3.37,3.4,170187.18,57650.452
20230209,3.36,3.38,3.35,3.38,121848.7,41075.345
20230208,3.39,3.39,3.35,3.36,129118.42,43475.797
20230207,3.37,3.39,3.37,3.38,115269.22,38928.615
20230206,3.39,3.4,3.35,3.37,124959.6,42117.765
20230203,3.44,3.44,3.38,3.4,184867.35,62817.305
20230202,3.46,3.46,3.42,3.43,151564.26,51950.51
20230201,3.44,3.46,3.41,3.45,165739.84,56923.925
20230131,3.44,3.46,3.42,3.43,149429.54,51320.823
20230130,3.5,3.51,3.44,3.44,215733.19,74771.08
20230120,3.51,3.51,3.45,3.48,217359.3,75371.383
20230119,3.43,3.53,3.41,3.49,283618.32,98383.246
20230118,3.38,3.48,3.37,3.45,359846.61,123505.528
20230117,3.42,3.42,3.35,3.37,198707.46,67068.927
20230116,3.38,3.46,3.36,3.42,303618.41,103690.306
20230113,3.34,3.37,3.33,3.36,131951.11,44243.506
20230112,3.35,3.35,3.3,3.33,131008.2,43501.532
20230111,3.32,3.36,3.31,3.35,163098.77,54460.882
20230110,3.37,3.37,3.32,3.32,153629.7,51265.373
20230109,3.4,3.4,3.36,3.36,148275.29,49997.589
20230106,3.43,3.43,3.38,3.39,160502.8,54475.858
20230105,3.48,3.48,3.41,3.43,186085.3,63769.311
20230104,3.39,3.46,3.38,3.45,218615.56,75108.889
20230103,3.37,3.4,3.34,3.38,195463.96,66023.42
20221230,3.35,3.41,3.35,3.36,165095.09,55653.653
20221229,3.39,3.39,3.33,3.35,213151.38,71371.294
20221228,3.38,3.44,3.37,3.41,190165.21,64803.502
20221227,3.35,3.43,3.34,3.38,204376.65,69202.792
20221226,3.39,3.4,3.32,3.34,177717.4,59425.221
20221223,3.35,3.41,3.34,3.38,162990.5,55089.85
20221222,3.45,3.46,3.35,3.36,213449.51,72446.377
20221221,3.46,3.48,3.4,3.44,236026.05,81038.233
20221220,3.48,3.52,3.43,3.45,208070.96,72236.701
20221219,3.55,3.58,3.45,3.47,304848.04,107017.266
20221216,3.53,3.6,3.53,3.55,269026.71,95869.195
20221215,3.56,3.62,3.53,3.54,256331.67,91239.493
20221214,3.56,3.63,3.51,3.57,387164.51,138293.965
20221213,3.52,3.57,3.52,3.54,243589.09,86295.824
20221212,3.56,3.6,3.52,3.54,498615.41,177410.844
20221209,3.59,3.88,3.57,3.64,1028490.95,378697.735
20221208,3.54,3.59,3.52,3.59,371785.59,132404.551
20221207,3.54,3.57,3.49,3.53,369996.62,130368.91
20221206,3.57,3.59,3.52,3.55,400330.77,142192.438
20221205,3.57,3.62,3.53,3.59,600348.84,215309.661
20221202,3.57,3.59,3.5,3.54,495860.79,175285.569
20221201,3.68,3.73,3.55,3.59,849354.11,307627.439
20221130,3.73,3.8,3.66,3.7,1651298.22,615082.177
20221129,3.67,3.94,3.58,3.87,2363139.26,898445.053
20221128,3.62,3.64,3.48,3.58,1432054.27,510121.609
20221125,3.24,3.55,3.24,3.55,853184.21,295752.699
20221124,3.26,3.26,3.22,3.23,66756.11,21632.956
20221123,3.23,3.26,3.22,3.25,134769.09,43731.235
20221122,3.22,3.25,3.19,3.22,140016.15,45118.322
20221121,3.21,3.21,3.17,3.21,109376.91,34910.933
20221118,3.21,3.23,3.19,3.21,92676.74,29770.628
20221117,3.21,3.22,3.19,3.21,81783.02,26213.961
20221116,3.24,3.24,3.21,3.21,103708.9,33396.558
20221115,3.22,3.27,3.21,3.24,150885.8,48849.804
20221114,3.19,3.27,3.19,3.22,200651.88,64800.443
20221111,3.18,3.22,3.15,3.19,238430.61,75797.543
20221110,3.12,3.15,3.11,3.14,115853.2,36331.15
20221109,3.13,3.14,3.12,3.12,91859.74,28733.81
20221108,3.14,3.14,3.11,3.12,83375.94,26001.558
20221107,3.11,3.14,3.1,3.13,165799.32,51731.246
20221104,3.07,3.13,3.07,3.11,155108.91,48222.163
20221103,3.09,3.09,3.06,3.08,123330.77,37931.268
20221102,3.1,3.12,3.07,3.11,180764.89,55851.799
20221101,3.08,3.12,3.06,3.11,221658.64,68510.716
20221031,3.16,3.17,3.06,3.08,280667.91,86847.05
20221028,3.26,3.27,3.18,3.19,149636.41,48277.901
20221027,3.26,3.28,3.25,3.27,95851.46,31332.889
20221026,3.27,3.29,3.25,3.26,117405.39,38388.931
20221025,3.31,3.33,3.25,3.26,154016.74,50490.084
20221024,3.34,3.37,3.3,3.32,139571.1,46398.061
20221021,3.36,3.38,3.33,3.33,85481.14,28618.989
20221020,3.36,3.37,3.34,3.36,89100.74,29911.329
20221019,3.38,3.4,3.35,3.36,77145.16,25987.808
20221018,3.44,3.44,3.38,3.39,103420.05,35190.376
20221017,3.39,3.43,3.37,3.42,136476.35,46477.699
20221014,3.39,3.42,3.37,3.39,105467.33,35902.989
20221013,3.42,3.42,3.36,3.37,110593,37343.955
20221012,3.4,3.42,3.35,3.42,115490.91,39159.183
20221011,3.35,3.4,3.34,3.39,121497.59,41089.921
20221010,3.4,3.41,3.32,3.34,131859.81,44316.307
20220930,3.33,3.41,3.33,3.39,114577.5,38826.324
20220929,3.43,3.44,3.34,3.35,172482.97,58407.341
20220928,3.37,3.5,3.34,3.44,247876.25,84985.879
20220927,3.32,3.37,3.31,3.35,92279.78,30821.915
20220926,3.4,3.41,3.32,3.33,117028.4,39283.003
20220923,3.39,3.43,3.37,3.41,90147,30657.425
20220922,3.42,3.43,3.37,3.39,83550.22,28300.631
20220921,3.35,3.45,3.32,3.44,135772.62,45998.1
20220920,3.41,3.41,3.34,3.37,137056.02,46097.758
20220919,3.4,3.42,3.36,3.41,138980.81,47160.727
20220916,3.51,3.51,3.39,3.39,185464.79,63518.293
20220915,3.49,3.51,3.46,3.49,214088.19,74788.772
20220914,3.42,3.49,3.41,3.47,231792.77,80469.42
20220913,3.46,3.47,3.43,3.45,103038.1,35546.02
20220909,3.43,3.47,3.42,3.44,153958.24,53190.724
20220908,3.43,3.45,3.41,3.43,78843.1,27042.86
20220907,3.44,3.45,3.4,3.43,90541.93,30995.079
20220906,3.47,3.48,3.44,3.45,101681.53,35120.025
20220905,3.43,3.47,3.41,3.46,108824.37,37432.277
20220902,3.44,3.45,3.41,3.44,109275.77,37507.23
20220901,3.46,3.47,3.42,3.43,163427.01,56259.626
20220831,3.42,3.47,3.41,3.45,173769.6,59909.187
20220830,3.41,3.48,3.4,3.43,173726.49,59685.48
20220829,3.31,3.43,3.3,3.42,372395.77,125917.745
20220826,3.31,3.33,3.3,3.32,96323.49,31952.626
20220825,3.32,3.32,3.29,3.31,140268.99,46340.993
20220824,3.35,3.36,3.3,3.3,113602.05,37776.928
20220823,3.34,3.36,3.33,3.35,97078.98,32452.259
20220822,3.34,3.37,3.33,3.35,100652.66,33728.015
20220819,3.34,3.37,3.34,3.35,93500.48,31352.899
20220818,3.37,3.37,3.34,3.35,72567.49,24326.539
20220817,3.35,3.38,3.34,3.38,109001.62,36652.906
20220816,3.36,3.37,3.34,3.35,80189.77,26885.66
20220815,3.37,3.39,3.34,3.36,106718.33,35854.274
20220812,3.38,3.39,3.35,3.38,110756.9,37315.139
20220811,3.32,3.38,3.31,3.37,122185.73,40966.69
20220810,3.34,3.34,3.3,3.32,65748.9,21815.496
20220809,3.31,3.34,3.31,3.33,89400.65,29733.27
20220808,3.33,3.35,3.31,3.32,90444.74,30076.569
20220805,3.3,3.34,3.28,3.34,101341.41,33531.913
20220804,3.3,3.31,3.27,3.29,101004.48,33213.186
20220803,3.33,3.35,3.28,3.28,140928.99,46740.596
20220802,3.4,3.41,3.29,3.33,217590.66,72406.748
20220801,3.43,3.43,3.4,3.41,110624.12,37739.394
20220729,3.45,3.46,3.42,3.43,166917,57389.85
20220728,3.47,3.48,3.44,3.45,151678.94,52496.889
20220727,3.48,3.49,3.45,3.46,165498.71,57350.49
20220726,3.48,3.49,3.45,3.49,169045.71,58629.261
20220725,3.47,3.5,3.44,3.47,174083.66,60338.613
20220722,3.5,3.53,3.46,3.48,86760.4,30282.653
20220721,3.51,3.53,3.5,3.5,81002.9,28444.282
20220720,3.53,3.54,3.51,3.52,95658,33693.236
20220719,3.49,3.54,3.47,3.52,107663.3,37780.362
20220718,3.43,3.5,3.42,3.49,156004.21,54155.396
20220715,3.5,3.5,3.42,3.42,131475.16,45414.282
20220714,3.55,3.55,3.48,3.49,155265.37,54354.667
20220713,3.57,3.59,3.55,3.55,94975.98,33834.534
20220712,3.55,3.6,3.54,3.58,119776.04,42864.368
20220711,3.54,3.57,3.54,3.55,106206.92,37705.423
20220708,3.56,3.56,3.53,3.54,112550.9,39908.394
20220707,3.56,3.58,3.54,3.55,105487.1,37472.264
20220706,3.6,3.6,3.55,3.57,129558.48,46186.144
20220705,3.59,3.61,3.57,3.58,91442.06,32806.692
20220704,3.64,3.64,3.58,3.59,132081.94,47484.659
20220701,3.64,3.65,3.61,3.63,111210.44,40410.403
20220630,3.6,3.64,3.59,3.62,152013.68,55122.348
20220629,3.62,3.65,3.6,3.61,124429.06,45031.836
20220628,3.58,3.62,3.57,3.62,158980.6,57113.738
20220627,3.6,3.61,3.58,3.59,138899.8,49959.904
20220624,3.62,3.63,3.57,3.59,99012.9,35530.508
20220623,3.56,3.61,3.55,3.61,119102.1,42677.193
20220622,3.63,3.63,3.56,3.57,139121.2,49900.115
20220621,3.64,3.65,3.6,3.63,142275.99,51582.973
20220620,3.63,3.67,3.61,3.63,145869.2,53004.281
20220617,3.61,3.67,3.58,3.62,176384.4,63843.284
20220616,3.69,3.71,3.62,3.63,257050.12,93958.516
20220615,3.64,3.81,3.62,3.72,475775.84,177750.298
20220614,3.54,3.66,3.5,3.65,245463.5,87678.506
20220613,3.57,3.6,3.54,3.57,253509.41,90516.816
20220610,3.51,3.6,3.51,3.6,344211.04,122444.891
20220609,3.49,3.58,3.48,3.53,308619.73,108793.644
20220608,3.48,3.52,3.47,3.49,226151.49,78915.323
20220607,3.49,3.54,3.46,3.48,279187.69,97216.766
20220606,3.47,3.49,3.45,3.49,184584.8,64028.879
20220602,3.46,3.48,3.44,3.47,149575.52,51729.483
20220601,3.47,3.5,3.45,3.46,182915.7,63523.808
20220531,3.49,3.49,3.43,3.47,239511.57,82934.192
20220530,3.61,3.65,3.6,3.64,302636.93,109802.41
20220527,3.61,3.62,3.59,3.61,168924.8,60828.259
20220526,3.57,3.61,3.55,3.61,187284.25,67180.47
20220525,3.55,3.58,3.54,3.57,129442.9,46070.286
20220524,3.62,3.64,3.55,3.55,237008.5,84989.007
20220523,3.61,3.61,3.59,3.61,143787.3,51735.885
20220520,3.58,3.61,3.56,3.61,202120.1,72577.244
20220519,3.54,3.58,3.52,3.58,172071.8,61188.384
20220518,3.57,3.58,3.55,3.56,134440.1,47901.398
20220517,3.58,3.58,3.55,3.57,161146,57458.23
20220516,3.6,3.61,3.56,3.58,201669.92,72079.542
20220513,3.58,3.61,3.57,3.6,253702.5,91049.443
20220512,3.58,3.6,3.56,3.58,184266.59,65854.953
20220511,3.6,3.64,3.58,3.59,231012.99,83463.637
20220510,3.58,3.61,3.54,3.6,179458.91,64199.958
20220509,3.56,3.61,3.55,3.59,142292,50878.08
20220506,3.62,3.64,3.55,3.56,180696.62,64838.271
20220505,3.65,3.69,3.63,3.66,201476.94,73735.071
20220429,3.58,3.67,3.58,3.65,199300.93,72271.623
20220428,3.59,3.65,3.54,3.6,165254.14,59334.224
20220427,3.61,3.62,3.52,3.6,185388.24,66142.484
20220426,3.72,3.74,3.6,3.61,178575.7,65648.74
20220425,3.79,3.84,3.7,3.71,237774.8,90037.792
20220422,3.81,3.84,3.77,3.82,151288.4,57633.722
20220421,3.88,3.9,3.79,3.79,229277.75,88101.371
20220420,3.95,3.97,3.88,3.9,122350.81,47924.822
20220419,3.86,3.98,3.84,3.93,214306.28,84057.358
20220418,4,4,3.85,3.86,315151.27,122652.88
20220415,4.01,4.05,4,4.03,98798.08,39782.743
20220414,4.05,4.07,4.01,4.01,115144.09,46425.19
20220413,4.03,4.06,4.01,4.01,107715.93,43439.826
20220412,4,4.06,3.96,4.05,120017.98,48121.172
20220411,4.06,4.08,3.99,4,152915.14,61532.963
20220408,4.07,4.11,4.01,4.08,173580.55,70409.149
20220407,4.16,4.18,4.06,4.07,281589.97,116148.604
20220406,4.07,4.2,4.05,4.16,307393.88,127432.911
20220401,3.97,4.1,3.93,4.09,280011.49,113255.562
20220331,3.87,3.99,3.86,3.97,257029.93,101365.511
20220330,3.85,3.89,3.84,3.88,151762.41,58719.485
20220329,3.86,3.87,3.83,3.85,110684.3,42562.155
20220328,3.83,3.88,3.75,3.86,168647.79,64520.921
20220325,3.84,3.86,3.82,3.84,78988.97,30385.587
20220324,3.83,3.85,3.81,3.83,68871.18,26396.918
20220323,3.87,3.87,3.83,3.85,90663.8,34907.898
20220322,3.82,3.88,3.8,3.85,121425.17,46675.592
20220321,3.85,3.85,3.8,3.81,119750.48,45787.783
20220318,3.81,3.89,3.8,3.85,148989,57366.3
20220317,3.84,3.86,3.8,3.84,133293.69,51073.525
20220316,3.78,3.83,3.67,3.82,175554.72,65822.94
20220315,3.95,3.95,3.74,3.75,216839.83,82974.926
20220314,3.9,4,3.88,3.94,146781.82,58092.402
20220311,3.89,3.95,3.82,3.94,121030.23,46969.233
20220310,3.95,3.95,3.89,3.9,115414.43,45267.938
20220309,4.03,4.04,3.77,3.88,238442.26,93600.042
20220308,4.11,4.12,4.02,4.02,136579.96,55511.285
20220307,4.15,4.18,4.1,4.12,147215.38,60921.114
20220304,4.2,4.2,4.13,4.15,106790.47,44370.19
20220303,4.13,4.18,4.12,4.18,117156.33,48763.329
20220302,4.11,4.14,4.09,4.13,90350.46,37239.672
20220301,4.07,4.13,4.05,4.12,159499.37,65302.041
20220228,4.12,4.12,4.02,4.06,194650.22,79014.44
20220225,4.15,4.16,4.11,4.12,137738.37,56855.641
20220224,4.2,4.21,4.11,4.13,179777.6,74723.947
20220223,4.24,4.24,4.2,4.21,89861.54,37846.119
20220222,4.23,4.26,4.2,4.21,110001.3,46451.548
20220221,4.21,4.25,4.19,4.24,128854.58,54466.322
20220218,4.17,4.22,4.16,4.21,116939.91,49067.064
20220217,4.18,4.21,4.17,4.18,112267.86,47000.517
20220216,4.18,4.2,4.17,4.19,99445.47,41669.908
20220215,4.19,4.22,4.15,4.16,141424.48,59106.801
20220214,4.25,4.25,4.19,4.2,204320.19,86079.747
20220211,4.24,4.28,4.22,4.25,274534.83,116847.709
20220210,4.23,4.25,4.21,4.24,194504.5,82387.866
20220209,4.24,4.27,4.21,4.24,341855.08,145201.044
20220208,4.15,4.24,4.14,4.23,290655.53,122256.787
20220207,4.13,4.17,4.11,4.15,242552.17,100355.481
20220128,4.14,4.17,4.1,4.1,187527.17,77429.618
20220127,4.17,4.19,4.12,4.14,123368.34,51285.309
20220126,4.14,4.19,4.11,4.16,96888,40274.888
20220125,4.22,4.25,4.1,4.13,245726.04,102659.725
20220124,4.32,4.34,4.2,4.2,327442,139235.707
20220121,4.45,4.47,4.32,4.32,271920,118769.503
20220120,4.47,4.52,4.44,4.45,230079,103174.145
20220119,4.37,4.47,4.35,4.46,324084.26,143632.647
20220118,4.33,4.39,4.31,4.37,154673.26,67342.734
20220117,4.41,4.48,4.3,4.34,394502.12,172772.601
20220114,4.45,4.46,4.39,4.44,197568.67,87508.631
20220113,4.41,4.52,4.4,4.49,284368.99,126880.327
20220104,4.63,4.72,4.62,4.7,227641.41,106450.664
20211231,4.61,4.65,4.59,4.63,163385.28,75479.764
20211230,4.67,4.68,4.6,4.62,252786.62,116792.868
20211229,4.69,4.69,4.67,4.68,63344.66,29637.274
20211228,4.7,4.72,4.68,4.7,72270,33914.954
20211227,4.72,4.74,4.69,4.7,62208.73,29332.816
20211224,4.73,4.74,4.7,4.72,40427.13,19053.818
20211223,4.75,4.75,4.71,4.73,41869,19778.843
20211222,4.78,4.78,4.73,4.73,64235.67,30468.678
20211221,4.68,4.78,4.68,4.77,129401.67,61463.693
20211220,4.7,4.71,4.68,4.68,55352.27,25990.278
20211217,4.72,4.73,4.69,4.69,59937.53,28236.642
20211216,4.72,4.73,4.71,4.72,46358.04,21865.803
20211215,4.71,4.75,4.7,4.72,53087.21,25046.739
20211214,4.77,4.77,4.7,4.71,102755.05,48550.252
20211213,4.81,4.82,4.77,4.78,71857.16,34446.225
20211210,4.83,4.84,4.78,4.81,87250.05,41931.612
20211209,4.82,4.94,4.81,4.86,126825.91,61685.82
20211208,4.83,4.84,4.8,4.82,81403.15,39243.081
20211207,4.9,4.9,4.8,4.83,117561.89,56823.293
20211206,4.82,4.91,4.81,4.84,140010.42,67974.281
20211203,4.78,4.83,4.77,4.81,71673.84,34399.989
20211202,4.77,4.8,4.76,4.78,58143.66,27793.256
20211201,4.74,4.8,4.73,4.79,95671,45677.229
20211130,4.74,4.77,4.73,4.74,60684.29,28801.786
20211129,4.67,4.75,4.67,4.74,70004,33041.323
20211126,4.71,4.73,4.71,4.71,50187,23679.184
20211125,4.74,4.75,4.71,4.73,37040.89,17518.138
20211124,4.7,4.77,4.68,4.73,75463.41,35583.732
20211123,4.72,4.73,4.69,4.7,67851.09,31938.343
20211122,4.76,4.76,4.69,4.7,112227.93,52977.486
20211119,4.66,4.8,4.66,4.79,107787.93,50770.996
20211118,4.69,4.69,4.65,4.67,48077.93,22430.25
20211117,4.67,4.69,4.66,4.68,53457.74,25002.209
20211116,4.67,4.69,4.67,4.67,57378.5,26850.849
20211115,4.67,4.69,4.65,4.67,57930.71,27058.16
20211112,4.67,4.68,4.65,4.66,38353.21,17867.508
20211111,4.62,4.69,4.61,4.67,86500.75,40341.878
20211110,4.6,4.63,4.6,4.63,54384.25,25083.376
20211109,4.63,4.63,4.6,4.61,44944.58,20733.006
20211108,4.61,4.63,4.6,4.62,51639.55,23828.502
20211105,4.63,4.63,4.6,4.62,56431.17,26025.148
20211104,4.63,4.63,4.6,4.62,61116.86,28228.471
20211103,4.62,4.64,4.59,4.61,84763,39116.37
20211102,4.7,4.7,4.6,4.62,126027.93,58535.204
20211101,4.68,4.72,4.66,4.7,131485.76,61666.681
20211029,4.73,4.73,4.66,4.71,87136.91,40898.508
20211028,4.7,4.72,4.68,4.72,79680.18,37423.246
20211027,4.76,4.77,4.7,4.71,86148,40689.422
20211026,4.83,4.84,4.76,4.77,126381,60571.886
20211025,4.9,4.9,4.8,4.85,117946.93,56934.779
20211022,4.91,4.95,4.86,4.91,125215,61335.534
20211021,4.86,4.92,4.83,4.91,158085.93,77311.378
20211020,4.86,4.87,4.83,4.83,69327,33601.454
20211019,4.82,4.88,4.82,4.85,76970,37361.883
20211018,4.82,4.86,4.82,4.83,95835,46396.621
20211015,4.84,4.89,4.83,4.84,77674,37715.636
20211014,4.91,4.92,4.84,4.85,89483.76,43572.033
20211013,4.85,4.96,4.84,4.91,139940.72,68463.262
20211012,4.84,4.89,4.82,4.84,96980.37,47058.924
20211011,4.81,4.89,4.79,4.87,143348.86,69561.373
20211008,4.81,4.83,4.76,4.81,118845.62,57011.168
20210930,4.82,4.85,4.76,4.79,111706.64,53454.601
20210929,4.76,4.85,4.73,4.84,116531.1,55864.942
20210928,4.76,4.82,4.73,4.78,95056.9,45435.158
20210927,4.77,4.78,4.7,4.75,93884.38,44487.627
20210924,4.84,4.84,4.76,4.77,69309.46,33226.571
20210923,4.79,4.85,4.78,4.83,75634,36437.504
20210922,4.76,4.79,4.71,4.78,124404.07,59176.187
20210917,4.86,4.86,4.81,4.83,132028.39,63766.797
20210916,4.89,4.93,4.83,4.9,102404.21,50009.389
20210915,4.86,4.89,4.84,4.87,93892.15,45745.061
20210914,4.95,4.99,4.86,4.87,174244.18,85778.632
20210913,4.98,4.99,4.92,4.95,181194.18,89667.429
20210910,4.98,5.07,4.96,5,230263.5,115479.834
20210909,4.96,5,4.95,4.97,131437,65435.864
20210908,4.97,5,4.96,4.97,145136.33,72233.902
20210907,4.97,4.98,4.9,4.96,161161.69,79577.51
20210906,4.91,4.98,4.9,4.97,198347.22,98471.566
20210903,4.88,4.98,4.87,4.9,196460.27,96779.682
20210902,4.85,4.9,4.83,4.88,134826.66,65709.292
20210901,4.77,4.86,4.75,4.85,187787.24,90536.31
20210831,4.75,4.81,4.74,4.79,119595.24,57200.101
20210830,4.72,4.77,4.69,4.74,101288.02,47833.359
20210827,4.67,4.74,4.66,4.73,72560.24,34095.142
20210826,4.71,4.72,4.67,4.68,48945,22939.849
20210825,4.7,4.72,4.67,4.71,55251.55,25974.917
20210824,4.72,4.73,4.69,4.71,56443,26560.781
20210823,4.71,4.74,4.7,4.72,59119,27899.161
20210820,4.74,4.77,4.69,4.71,63253.24,29805.37
20210819,4.78,4.78,4.71,4.73,78827.76,37357.185
20210818,4.69,4.82,4.68,4.8,129013.23,61503.812
20210817,4.74,4.79,4.69,4.69,97759.84,46374.143
20210816,4.75,4.78,4.73,4.77,68440.79,32506.465
20210813,4.71,4.77,4.7,4.75,79372.51,37636.27
20210812,4.7,4.75,4.69,4.72,65600,30930.704
20210811,4.68,4.74,4.68,4.71,70226,33125.068
20210810,4.68,4.7,4.64,4.7,61533.98,28741.59
20210809,4.63,4.7,4.62,4.68,86802.18,40575.549
20210806,4.63,4.65,4.61,4.63,42461.38,19646.898
20210805,4.63,4.67,4.62,4.65,58035.71,26955.931
20210804,4.62,4.64,4.6,4.62,45405.04,20969.076
20210803,4.63,4.66,4.59,4.63,71869.08,33261.317
20210802,4.61,4.67,4.56,4.65,134892.59,62287.677
20210730,4.71,4.71,4.62,4.62,86549.63,40246.484
20210729,4.71,4.74,4.69,4.7,58241.08,27390.443
20210728,4.71,4.74,4.69,4.73,112832.67,53223.814
20210727,4.8,4.83,4.67,4.69,145991.13,69279.808
20210726,4.88,4.89,4.76,4.8,119674.75,57768.209
20210723,4.9,4.93,4.86,4.89,76315.07,37290.947
20210722,4.87,4.92,4.87,4.91,67496.1,33069.805
20210721,4.89,4.9,4.88,4.9,53636.1,26213.009
20210720,4.87,4.9,4.86,4.89,57690.62,28198.913
20210719,4.86,4.88,4.84,4.88,61461.43,29873.03
20210716,4.9,4.91,4.86,4.88,86403.82,42132.482
20210715,4.86,4.94,4.86,4.92,110817.46,54457.941
20210714,4.91,4.91,4.84,4.87,112685,54851.374
20210713,4.91,4.93,4.88,4.9,121272.32,59401.546
20210712,4.98,5,4.9,4.92,126628,62616.849
20210709,4.92,4.96,4.91,4.95,81432,40195.312
20210708,4.98,4.98,4.93,4.93,79255,39175.866
20210707,4.95,4.96,4.93,4.95,72059.43,35669.955
20210706,4.95,4.97,4.92,4.95,109557,54164.042
20210705,4.96,4.97,4.94,4.95,66736,33027.608
20210702,4.98,4.99,4.95,4.96,84651.42,41987.314
20210701,4.97,5.04,4.96,4.99,167909.43,84040.804
20210630,4.96,4.98,4.95,4.97,64484.57,32008.456
20210629,4.98,5.01,4.96,4.96,96963.74,48269.373
20210628,5.06,5.06,4.98,4.99,274230.92,137363.227
20210625,4.98,5.23,4.97,5.12,423987.72,216156.659
20210624,4.96,4.98,4.94,4.98,82170.96,40758.028
20210623,5,5.01,4.95,4.97,96056.47,47753.97
20210622,4.99,5.06,4.98,5.01,118337.63,59411.455
20210621,4.97,5,4.96,4.99,87341.39,43513.54
20210618,4.93,4.97,4.93,4.95,67204,33236.773
20210617,4.92,4.96,4.92,4.95,68465.25,33871.774
20210616,4.93,4.99,4.92,4.95,88461.29,43838.359
20210615,4.97,4.98,4.93,4.94,93420.26,46203.562
20210611,5,5.01,4.97,4.98,119734.36,59684.583
20210610,5,5.03,4.99,5.01,89250,44721.713
20210609,5,5.03,4.98,4.99,93605.21,46778.644
20210608,4.96,5.06,4.94,5.03,160079.33,80040.685
20210607,5.02,5.04,4.94,4.96,249152,124023.035
20210604,5.02,5.07,5.01,5.02,120251.4,60534.909
20210603,5.03,5.06,5.02,5.02,98842,49768.59
20210602,5.06,5.07,5.02,5.03,99665.83,50244.937
20210601,5.06,5.07,5.03,5.06,104578.51,52843.684
20210531,5.05,5.08,5.01,5.08,143397.37,72287.432
20210528,5.15,5.15,5.05,5.06,262814.8,133485.963
20210527,5.32,5.33,5.25,5.27,259990.11,137204.826
20210526,5.4,5.44,5.29,5.32,437898.58,234410.042
20210525,5.09,5.56,5.07,5.34,598339,318162.497
20210524,5.06,5.11,5.04,5.11,111158.03,56556.459
20210521,5.08,5.09,5.05,5.06,78924,39975.659
20210520,5.05,5.1,5,5.08,101222.82,51183.483
20210519,5.07,5.09,5.03,5.05,107673.06,54434.631
20210518,5.11,5.15,5.08,5.1,116750.27,59587.036
20210517,5.12,5.18,5.1,5.13,191655.07,98506.567
20210514,5.05,5.22,5.04,5.18,339961.08,174827.904
20210513,5.06,5.08,5.03,5.04,96150.54,48595.242
20210512,5,5.08,5,5.08,142625.14,71989.135
20210511,4.98,5.02,4.97,5.02,69434.13,34667.698
20210510,5.02,5.03,4.98,5,68980.32,34461.019
20210507,5,5.03,4.99,5.02,97703.42,48998.245
20210506,4.97,5.03,4.97,5.01,83841.1,42009.567
20210430,5.01,5.01,4.96,4.99,101590.52,50612.895
20210429,4.93,5.02,4.92,4.99,105570,52613.381
20210428,4.95,4.96,4.91,4.92,94125.27,46368.76
20210427,4.99,5,4.95,4.95,83406.17,41421.495
20210426,5.01,5.02,4.99,4.99,76885.92,38478.68
20210423,5.02,5.04,5,5.01,103803.17,52035.423
20210422,5.07,5.07,5.02,5.04,93382,47059.727
20210421,5.02,5.06,5.01,5.06,96423.03,48654.667
20210420,5.06,5.06,5.02,5.03,114574,57761.13
20210419,5.06,5.08,5.03,5.07,160752.91,81198.498
20210416,5.01,5.05,5.01,5.05,74021.64,37289.132
20210415,5.03,5.03,5,5.02,58401.33,29266.953
20210414,5.02,5.04,5.02,5.04,54050.1,27179.578
20210413,5.06,5.08,5.01,5.02,108695,54781.85
20210412,5.07,5.08,5.06,5.07,73804,37401.904
20210409,5.08,5.09,5.06,5.09,112995.93,57362.2
20210408,5.09,5.13,5.07,5.1,142109.15,72490.115
20210407,5.09,5.1,5.07,5.1,101974.23,51852.76
20210406,5.11,5.11,5.08,5.09,97692.33,49782.809
20210402,5.11,5.12,5.09,5.11,88083.05,44897.162
20210401,5.11,5.12,5.08,5.11,102503.13,52242.531
20210331,5.13,5.13,5.08,5.1,151674.17,77416.218
20210330,5.17,5.17,5.13,5.15,98650.77,50731.701
20210329,5.14,5.16,5.11,5.16,120111.86,61699.78
20210326,5.13,5.15,5.12,5.14,115627,59402.483
20210325,5.15,5.18,5.12,5.13,139036,71530.75
20210324,5.13,5.17,5.09,5.17,205389.96,105556.765
20210323,5.16,5.17,5.11,5.13,148678.24,76251.674
20210322,5.12,5.17,5.11,5.15,157356.17,80982.546
20210319,5.15,5.18,5.11,5.13,149363.04,76686.083
20210318,5.16,5.21,5.13,5.17,156843.45,81033.241
20210317,5.19,5.21,5.13,5.16,176955.86,91267.628
20210316,5.18,5.25,5.16,5.21,205410.29,106866.081
20210315,5.11,5.2,5.11,5.18,249636.55,129108.067
20210312,5.13,5.17,5.09,5.14,190057.01,97436.381
20210311,5.07,5.17,5.07,5.15,239208.39,122631.318
20210310,5.13,5.15,5.05,5.06,188445.87,95815.735
20210309,5.22,5.24,5.08,5.1,329605.12,169218.801
20210308,5.22,5.3,5.2,5.21,308424.51,161942.164
20210305,5.21,5.27,5.16,5.25,283930.82,147992.89
20210304,5.2,5.3,5.16,5.2,338335.32,177284.748
20210303,5.11,5.35,5.11,5.25,427934.32,223465.312
20210302,5.19,5.19,5.09,5.11,354127.83,181518.008
20210301,5.22,5.23,5.02,5.2,527564.61,271984.217
20210226,5.5,5.56,5.35,5.38,435511.33,236370.598
20210225,5.6,5.69,5.5,5.59,456737.71,255853.48
20210224,5.64,5.71,5.55,5.6,514917.86,289180.427
20210223,5.49,5.75,5.46,5.68,693132.17,390436.897
20210222,5.56,5.68,5.48,5.52,706423.16,394637.648
20210219,5.38,5.68,5.34,5.62,793451,442477.871
20210218,5.35,5.44,5.27,5.39,466159.81,250239.054
20210210,5.38,5.53,5.28,5.32,596321.41,321442.247
20210209,5.35,5.43,5.26,5.42,550317.41,294337.123
20210208,5.49,5.49,5.25,5.35,870379.76,467191.316
20210205,5.03,5.5,5,5.5,1176579.55,627290.848
20210204,4.95,5.09,4.91,5,318745.71,159850.843
20210203,4.95,4.98,4.9,4.96,192042.15,94955.996
20210202,5.01,5.04,4.94,4.96,204111,101602.017
20210201,5,5.05,4.94,5.03,209279.36,104402.542
20210129,5.02,5.06,4.98,5.02,218997.97,109985.054
20210128,5.09,5.11,5.01,5.02,301102.52,151870.262
20210127,5.1,5.22,5.1,5.12,235331.65,121336.047
20210126,5.12,5.19,5.1,5.12,227191,116801.246
20210125,5.14,5.18,5.09,5.14,253618,129941.194
20210122,5.26,5.28,5.16,5.16,300922.99,156331.669
20210121,5.27,5.34,5.23,5.27,321824,170105.849
20210120,5.32,5.36,5.26,5.28,278775,147790.843
20210119,5.27,5.36,5.21,5.33,439751.11,232884.934
20210118,5.23,5.36,5.21,5.29,408914.12,215667.315
20210115,5.2,5.44,5.2,5.28,684222.06,363790.451
20210114,5.12,5.25,5.09,5.16,303780.35,157042.934
20210113,5.23,5.26,5.12,5.17,363510.46,188092.928
20210112,5.11,5.28,5.08,5.25,496964.35,256498.596
20210111,5.25,5.35,5.12,5.13,475390.08,248275.927
20210108,5.24,5.4,5.17,5.26,429872.56,227037.61
20210107,5.59,5.64,5.25,5.29,823243.44,444981.46
20210106,5.54,5.62,5.5,5.59,575066.28,319802.032
20210105,5.57,5.61,5.44,5.55,828635.39,457476.314
20210104,5.8,5.83,5.55,5.69,1018260.51,578793.293
20201231,5.77,6.08,5.73,5.93,1422874.61,835223.093
20201230,5.5,5.82,5.43,5.76,1169344.71,659371.24
20201229,5.47,5.7,5.45,5.56,738299.03,410678.476
20201228,5.52,5.64,5.41,5.51,613708.27,338494.697
20201225,5.56,5.65,5.41,5.58,673268.31,372229.884
20201224,5.43,5.77,5.39,5.59,863947.51,484594.219
20201223,5.41,5.55,5.36,5.47,638923.58,348036.894
20201222,5.67,5.76,5.45,5.46,752183.43,422890.784
20201221,5.6,5.79,5.53,5.73,791408.49,447186.653
20201218,5.75,5.79,5.62,5.62,918573.77,522732.201
20201217,5.57,6.02,5.51,5.89,1452997.56,842047.441
20201216,5.72,5.84,5.62,5.64,872994.83,499463.707
20201215,5.74,5.76,5.57,5.74,896315.66,507668.319
20201214,5.8,5.86,5.67,5.79,810649.73,465358.443
20201211,5.87,5.92,5.74,5.82,913625.46,530902.702
20201210,5.84,6,5.72,5.96,1373574.1,802624.692
20201209,6.12,6.29,5.93,6.02,1678514.23,1027285.23
20201208,6.61,6.65,6.16,6.18,2168471.09,1368550.477
20201207,6.57,7.05,6.33,6.84,2451319.27,1646702.35
20201204,7.27,7.6,6.58,6.7,3639691.51,2626265.853
20201203,7.21,7.21,6.9,7.21,1557399.42,1121655.48
20201202,6.55,6.55,6.55,6.55,268677.52,175983.775
20201201,5.52,5.95,5.5,5.95,1881805.24,1093853.142
20201130,5.25,5.59,5.25,5.41,1259211.45,697120.799
20201127,4.95,5.09,4.94,5.08,292564.45,146812.532
20201126,4.92,4.98,4.92,4.96,82195.12,40705.081
20201125,4.98,5.03,4.93,4.93,130289,64972.615
20201124,5,5.01,4.96,4.96,89091,44372.786
20201123,4.94,5.04,4.93,5.01,167908.19,83791.581
20201120,4.96,4.97,4.92,4.95,110603.29,54632.323
20201119,4.94,5,4.92,4.99,182088.45,90354.976
20201118,4.9,5.06,4.89,4.96,235165,116768.139
20201117,4.89,4.92,4.87,4.91,90269.28,44201.924
20201116,4.87,4.9,4.86,4.89,62516.56,30497.828
20201113,4.87,4.88,4.85,4.86,65567.04,31864.877
20201112,4.92,4.93,4.88,4.89,85708.07,41977.945
20201111,4.9,4.95,4.88,4.94,111921.77,55048.615
20201110,4.95,5.01,4.9,4.92,139752.9,69118.784
20201109,4.87,4.96,4.86,4.93,161363.35,79339.502
20201106,4.89,4.89,4.85,4.87,100355.41,48781.546
20201105,4.92,4.92,4.84,4.89,120168.05,58576.273
20201104,4.91,4.94,4.84,4.88,98735.23,48185.278
20201103,4.86,4.91,4.82,4.89,158086.43,76835.334
20201102,5.07,5.07,4.84,4.86,306811.88,150623.944
20201030,5.1,5.22,5.05,5.07,163298.52,84075.33
20201029,5.08,5.12,5.06,5.12,101597.14,51698.271
20201028,5.16,5.19,5.09,5.13,109024,55869
20201027,5.25,5.25,5.15,5.18,105680.05,54827.95
20201026,5.37,5.38,5.24,5.26,154001.86,81294.414
20201023,5.28,5.41,5.28,5.36,233002.51,125096.152
20201022,5.32,5.38,5.28,5.32,155704.82,82952.482
20201021,5.26,5.35,5.24,5.33,199891.12,106056.28
20201020,5.24,5.28,5.22,5.27,123160,64768.314
20201019,5.26,5.39,5.22,5.25,232125.34,123023.286
20201016,5.17,5.3,5.16,5.26,197430.12,103577.563
20201015,5.15,5.27,5.14,5.19,138441.75,72078.108
20201014,5.15,5.21,5.14,5.16,105659.65,54618.353
20201013,5.17,5.18,5.13,5.15,85552.65,44078.972
20201012,5.09,5.2,5.08,5.19,146637.31,75705.554
20201009,5.08,5.13,5.07,5.1,87203.64,44489.394
20200930,5.11,5.15,5.03,5.06,119941.35,60999.24
20200929,5.15,5.17,5.1,5.11,115483.21,59206.132
20200928,5.13,5.16,5.1,5.15,100940.67,51742.218
20200925,5.17,5.19,5.12,5.13,132951.72,68480.318
20200924,5.29,5.29,5.16,5.16,209563.79,109557.435
20200923,5.43,5.44,5.3,5.32,281436.57,150679.701
20200922,5.39,5.59,5.36,5.43,414338.81,226535.554
20200921,5.43,5.48,5.35,5.39,285439,153966.514
20200918,5.29,5.45,5.28,5.44,392551.08,211616.734
20200917,5.27,5.34,5.26,5.28,130404.62,69200.575
20200916,5.3,5.35,5.24,5.29,139535.2,73915.864
20200915,5.35,5.36,5.29,5.32,154322.48,82076.354
20200914,5.25,5.35,5.21,5.35,252343.01,133650.915
20200911,5.22,5.3,5.18,5.26,175242.18,91960.924
20200910,5.33,5.36,5.22,5.23,187564.22,99134.167
20200909,5.3,5.38,5.27,5.31,212075.14,112922.859
20200908,5.3,5.39,5.28,5.35,281476.05,150544.365
20200907,5.25,5.4,5.21,5.3,275308.46,146212.115
20200904,5.18,5.27,5.16,5.25,105430.62,54913.153
20200903,5.25,5.29,5.22,5.24,103631.34,54436.922
20200902,5.29,5.31,5.21,5.25,155731.86,81952.472
20200901,5.19,5.35,5.18,5.27,264995.83,139873.353
20200831,5.2,5.32,5.18,5.2,289696.59,152296.88
20200828,5.08,5.18,5.08,5.17,107809.69,55533.986
20200827,5.09,5.11,5.06,5.11,59324.78,30198.91
20200826,5.12,5.13,5.06,5.09,105360.41,53690.944
20200825,5.14,5.18,5.12,5.13,80997,41623.923
20200824,5.16,5.17,5.13,5.15,65473,33706.033
20200821,5.15,5.18,5.13,5.16,99393.51,51241.668
20200820,5.18,5.2,5.12,5.14,153045.1,78886.454
20200819,5.27,5.28,5.2,5.2,170122.1,89107.675
20200818,5.29,5.36,5.23,5.26,246767.87,130131.033
20200817,5.18,5.48,5.18,5.34,543416.38,290313.668
20200814,5.11,5.2,5.11,5.18,150940.24,77824.679
20200813,5.13,5.14,5.1,5.13,92240.6,47286.509
20200812,5.1,5.15,5.09,5.13,131406.74,67238.163
20200811,5.15,5.25,5.13,5.14,208547.6,108377.715
20200810,5.12,5.16,5.09,5.15,105863.27,54366.221
20200807,5.13,5.18,5.1,5.12,110629.06,56760.667
20200806,5.15,5.19,5.11,5.16,128034.05,65860.053
20200805,5.19,5.19,5.11,5.16,176380,90736.289
20200804,5.16,5.32,5.12,5.24,341021.99,178203.164
20200803,5.11,5.2,5.1,5.18,199160.87,102479.406
20200731,5.05,5.13,5.05,5.08,99632.34,50702.183
20200730,5.12,5.13,5.07,5.08,80312.6,40879.464
20200729,5.04,5.13,5.01,5.13,117664.87,59963.64
20200728,5.04,5.08,5.03,5.05,68629.53,34681.188
20200727,5.05,5.08,5.02,5.03,76649.37,38647.427
20200724,5.16,5.2,5.05,5.05,155142.82,79320.999
20200723,5.21,5.24,5.12,5.17,166365.5,86095.982
20200722,5.23,5.33,5.2,5.26,199390.79,105156.7
20200721,5.3,5.31,5.22,5.25,157276.83,82531.302
20200720,5.23,5.32,5.17,5.31,242408.79,127675.689
20200717,5.27,5.32,5.19,5.2,210916.4,110475.603
20200716,5.3,5.44,5.28,5.29,384027.65,205993.644
20200715,5.35,5.42,5.22,5.33,299927.09,159598.128
20200714,5.41,5.43,5.26,5.34,303651.08,162297.43
20200713,5.35,5.47,5.29,5.42,386617.7,208206.786
20200710,5.53,5.58,5.33,5.4,466036.95,253199.336
20200709,5.6,5.76,5.53,5.61,499580.49,280701.988
20200708,5.47,5.7,5.44,5.65,565760.47,316339.614
20200707,6,6,5.51,5.54,858829.07,490478.473
20200706,5.28,5.78,5.28,5.78,1070118.46,595655.002
20200703,5.06,5.3,5.03,5.25,502377,261244.114
20200702,4.95,5.12,4.9,5.05,357236.14,178409.98
20200701,5.09,5.14,5.06,5.14,163935.86,83721.23
20200630,5.06,5.12,5.05,5.09,99069.55,50374.102
20200629,5.13,5.16,5.05,5.07,99669.43,50666.552
20200624,5,5.14,4.99,5.08,178588.32,90774.056
20200623,5,5.03,4.98,4.99,59638.37,29822.817
20200622,4.98,5.06,4.97,5.01,105538.99,53027.182
20200619,4.96,4.99,4.95,4.99,67263.6,33445.621
20200618,4.92,4.99,4.92,4.96,61872.74,30636.708
20200617,4.94,4.95,4.92,4.93,32451,16002.549
20200616,4.95,4.95,4.93,4.94,30134,14890.275
20200615,4.93,4.96,4.91,4.92,44167.7,21808.876
20200612,4.9,4.97,4.89,4.94,53154.17,26258.625
20200611,4.95,4.99,4.94,4.95,45140.08,22391.745
20200610,4.97,4.98,4.95,4.95,31678,15707.552
20200609,4.97,4.99,4.96,4.98,46231.13,23008.625
20200608,4.97,4.99,4.95,4.97,36283,18023.924
20200605,4.95,4.98,4.94,4.96,37660.31,18672.821
20200604,4.99,5,4.94,4.95,47532.99,23561.814
20200603,5,5.03,4.97,4.97,87915,43984.741
20200602,4.98,4.99,4.95,4.99,70528.85,35076.674
20200601,4.92,4.98,4.91,4.96,72644.11,36009.347
20200529,4.93,4.94,4.91,4.92,35101,17269.308
20200528,4.92,4.97,4.92,4.95,55147,27257.9
20200527,4.93,4.96,4.91,4.93,37794.92,18641.624
20200526,4.91,4.93,4.9,4.93,27700,13610.604
20200525,4.91,4.92,4.89,4.89,31498,15446.573
20200522,4.93,4.95,4.91,4.92,59223.22,29152.512
20200521,4.96,4.98,4.93,4.94,42026,20796.824
20200520,4.96,5.03,4.93,4.97,73565.97,36585.17
20200519,4.96,4.96,4.94,4.95,32246.68,15956.241
20200518,4.93,4.96,4.93,4.93,39583.86,19578.25
20200515,4.99,4.99,4.94,4.95,39035.34,19332.119
20200514,4.98,4.98,4.95,4.95,41189.4,20440.326
20200513,4.96,5,4.95,5,42686.16,21227.654
20200512,5.01,5.02,4.95,4.98,46858,23328.931
20200511,5.04,5.05,5,5.01,62506,31378.8
20200508,4.97,5.1,4.96,5.03,109168.05,54846.774
20200507,4.95,4.98,4.94,4.95,40445.54,20043.276
20200506,4.94,4.97,4.9,4.97,55937.07,27621.848
20200430,4.94,4.99,4.94,4.97,78243.01,38902.41
20200429,4.91,4.99,4.9,4.95,74899.2,37090.871
20200428,4.99,4.99,4.85,4.92,94258,46346.295
20200427,4.9,5.08,4.9,5,140370.34,70325.204
20200424,4.97,4.98,4.89,4.91,75589,37296.113
20200423,4.99,5,4.97,4.98,52574.2,26184.101
20200422,5.02,5.02,4.98,4.99,59561.65,29740.695
20200421,5.02,5.03,4.97,5.03,77700.43,38829.516
20200420,5.02,5.04,4.99,5.03,59627.85,29871.933
20200417,5.04,5.05,5.01,5.02,67732.73,34059.848
20200416,4.99,5.05,4.97,5.03,75176.99,37682.541
20200415,5.03,5.04,5,5.01,52854.01,26538.75
20200414,5,5.04,5,5.04,48225.27,24237.5
20200413,5,5.02,4.98,5,53280.66,26636.685
20200410,5.08,5.08,5.01,5.02,73620.72,37079.406
20200409,5.1,5.1,5.06,5.06,63033.18,32006.136
20200408,5.08,5.1,5.06,5.07,54158,27504.193
20200407,5.08,5.12,5.06,5.1,95414,48578.48
20200403,5.07,5.1,5.01,5.02,65508,33068.236
20200402,5,5.06,4.99,5.06,57225.99,28761.672
20200401,5,5.08,5,5.02,66677.42,33601.594
20200331,5.05,5.06,5,5,56325.14,28283.92
20200330,5.05,5.06,5.01,5.02,91419.49,45964.979
20200327,5.16,5.18,5.09,5.1,83252,42744.726
20200326,5.12,5.19,5.11,5.11,78045.54,40119.299
20200325,5.17,5.2,5.12,5.17,107855.35,55663.833
20200324,5.09,5.11,5.02,5.1,75707.61,38450.141
20200323,5.05,5.12,5.02,5.03,92017,46590.515
20200320,5.13,5.15,5.08,5.15,108224.13,55433.825
20200319,5.11,5.15,5.01,5.11,112660.91,57332.353
20200318,5.23,5.25,5.1,5.11,113852.08,58997.934
20200317,5.31,5.37,5.12,5.2,140608.88,73562.827
20200316,5.49,5.49,5.26,5.28,244394.92,131683.693
20200313,5.19,5.57,5.16,5.56,318292.44,171542.567
20200312,5.38,5.51,5.38,5.41,182805,99291.018
20200311,5.43,5.5,5.37,5.37,174224.92,94629.491
20200310,5.32,5.45,5.32,5.42,164828.75,88926.595
20200309,5.43,5.48,5.35,5.37,202636.91,109702.385
20200306,5.6,5.61,5.52,5.53,292043.64,162375.134
20200305,5.5,5.81,5.47,5.68,511412.5,288507.235
20200304,5.45,5.48,5.41,5.47,166755.12,90882.122
20200303,5.43,5.53,5.37,5.49,317589.38,173427.257
20200302,5.25,5.44,5.24,5.39,218723.67,117005.46
20200228,5.35,5.38,5.22,5.23,202515.56,107459.402
20200227,5.39,5.49,5.34,5.45,221219.15,119348.852
20200226,5.32,5.53,5.3,5.41,243625.45,132469.854
20200225,5.45,5.45,5.3,5.39,239814.15,129095.258
20200224,5.51,5.56,5.48,5.51,167506.27,92371.595
20200221,5.51,5.66,5.5,5.54,280704.7,155985.442
20200220,5.37,5.63,5.33,5.58,406870.99,223496.125
20200219,5.36,5.44,5.34,5.37,150870.26,81371.016
20200218,5.39,5.42,5.34,5.38,150311.36,80787.322
20200217,5.29,5.42,5.27,5.42,200708.72,107255.242
20200214,5.24,5.3,5.23,5.27,87351.46,45962.681
20200213,5.33,5.38,5.24,5.25,162581.15,86162.115
20200212,5.28,5.43,5.23,5.34,173716.12,92139.123
20200211,5.25,5.35,5.23,5.28,161881.5,85832.641
20200210,5.18,5.26,5.17,5.25,123778.68,64752.119
20200207,5.24,5.26,5.17,5.22,148478.55,77419.833
20200206,5.23,5.29,5.16,5.23,182951.12,95453.564
20200205,5.12,5.34,5.09,5.2,178897.18,93116.591
20200204,4.96,5.17,4.96,5.12,185731.76,94645.289
20200203,5.03,5.11,5.03,5.03,213221.74,107624.012
20200123,5.71,5.73,5.55,5.59,166122.88,93638.291
20200122,5.69,5.75,5.66,5.73,93652.17,53436.269
20200121,5.76,5.78,5.7,5.7,103717.82,59410.103
20200120,5.77,5.8,5.75,5.79,89392.33,51599.288
20200117,5.76,5.82,5.76,5.77,69014.33,39935.825
20200116,5.73,5.79,5.73,5.75,80448.02,46322.973
20200115,5.8,5.81,5.74,5.75,92005.93,53084.265
20200114,5.85,5.87,5.81,5.82,94792.31,55359.61
20200113,5.85,5.86,5.78,5.85,94674.63,55060.475
20200110,5.88,5.9,5.83,5.86,73191.63,42902.636
20200109,5.86,5.88,5.84,5.86,102722,60196.615
20200108,5.93,5.93,5.82,5.82,174428.28,102406.55
20200107,5.92,5.96,5.9,5.95,147205.43,87348.713
20200106,5.9,5.96,5.87,5.92,153494.53,90826.69
20200103,5.93,5.96,5.91,5.94,136329.9,80995.8
20200102,6.07,6.09,5.94,5.97,257750.81,154838.634
20191231,5.88,5.94,5.87,5.94,127140.08,75027.143
20191230,5.84,5.96,5.76,5.91,192328.33,112650.289
20191227,5.93,6.08,5.9,5.92,234703.33,140095.056
20191226,5.88,5.93,5.86,5.93,131595.55,77510.045
20191225,5.86,5.96,5.82,5.89,141400.16,82974.001
20191224,5.88,5.93,5.84,5.89,122086.77,71775.144
20191223,6.07,6.07,5.86,5.87,271664.5,162140.453
20191220,5.95,6.28,5.95,6.08,446965.2,273870.53
20191219,5.92,6.09,5.92,5.98,246723.73,147999.335
20191218,5.91,6.12,5.9,5.96,302869.18,181729.136
20191217,5.79,6.16,5.78,5.99,432929.33,258885.573
20191216,5.76,5.81,5.72,5.81,167609.08,96641.649
20191213,5.71,5.82,5.66,5.78,178826.14,102805.974
20191212,5.72,5.74,5.66,5.66,65979,37541.785
20191211,5.65,5.75,5.65,5.72,114155.54,65164.893
20191210,5.68,5.68,5.63,5.65,69559.5,39280.902
20191209,5.72,5.76,5.66,5.68,81582.09,46470.41
20191206,5.72,5.74,5.69,5.71,52904.94,30221.433
20191205,5.68,5.72,5.66,5.72,60497.75,34457.215
20191204,5.64,5.67,5.62,5.67,36077,20390.785
20191203,5.63,5.67,5.61,5.66,41292.54,23268.694
20191202,5.67,5.7,5.64,5.65,49672.28,28162.699
20191129,5.67,5.75,5.64,5.67,65074.17,37009.398
20191128,5.71,5.73,5.65,5.66,58859.56,33408.959
20191127,5.76,5.77,5.69,5.72,83868.28,47957.393
20191126,5.83,5.85,5.75,5.77,74157.61,42907.34
20191125,5.77,5.85,5.76,5.84,93519.37,54358.833
20191122,5.8,5.83,5.73,5.79,90814.15,52477.572
20191121,5.8,5.85,5.78,5.79,82421.35,47817.039
20191120,5.9,5.96,5.85,5.85,96125,56643.876
20191119,5.85,5.91,5.82,5.9,85880.12,50465.811
20191118,5.85,5.88,5.76,5.85,85504,49808.844
20191115,5.88,5.93,5.85,5.85,76778,45166.728
20191114,5.89,5.95,5.86,5.91,91347.52,53905.233
20191113,5.9,5.94,5.86,5.89,67890.67,39984.181
20191112,5.85,5.93,5.85,5.92,82614.41,48655.921
20191111,6.02,6.03,5.85,5.87,179683,106628.229
20191108,6.23,6.26,6.07,6.08,159275,97875.103
20191107,6.18,6.21,6.13,6.15,133762,82400.234
20191106,6.23,6.26,6.1,6.16,256019,158163.828
20191105,5.99,6.29,5.97,6.27,445437,275738.835
20191104,5.99,6.05,5.97,5.98,130232.47,78162.075
20191101,5.91,6.01,5.86,6.01,138049.05,82255.518
20191031,5.98,5.99,5.91,5.91,109240,64913.939
20191030,6.04,6.11,5.91,5.96,212903.38,127723.184
20191029,6.16,6.2,6.09,6.09,172754.55,106148.765
20191028,6.13,6.21,6.1,6.21,190770.29,117442.425
20191025,6.24,6.25,6.08,6.16,266631.07,163928.422
20191024,6.17,6.39,6.15,6.24,327096.16,204560.733
20191023,6.19,6.27,6.14,6.2,265340.83,164340.236
20191022,6.33,6.37,6.13,6.24,351061.6,217706.508
20191021,6.33,6.45,6.24,6.36,290015.68,184716.527
20191018,6.68,6.7,6.28,6.36,476855.79,308120.904
20191017,6.74,6.74,6.55,6.69,423321.88,281060.215
20191016,6.66,6.97,6.59,6.66,680394.28,456993.79
20191015,6.8,6.8,6.49,6.63,842073.7,559979.91
20191014,6.25,6.72,6.23,6.72,674701.77,443878.52
20191011,5.9,6.23,5.88,6.11,432354.94,263770.976
20191010,5.88,5.99,5.84,5.89,111196.58,65391.866
20191009,5.74,6.01,5.72,5.89,172031.95,101294.023
20191008,5.74,5.81,5.73,5.75,78338.02,45172.415
20190930,5.86,5.86,5.74,5.74,94636.02,54906.561
20190927,5.93,5.97,5.85,5.86,141111.05,83077.076
20190926,5.97,6.08,5.91,5.97,213845.52,128115.454
20190925,5.86,6.05,5.82,5.95,187440.65,111782.408
20190924,5.88,5.94,5.86,5.89,67010.87,39544.155
20190923,5.94,5.94,5.83,5.86,78386.45,46085.143
20190920,5.95,5.95,5.91,5.95,80626.73,47858.607
20190919,5.9,5.94,5.87,5.93,69868.65,41231.868
20190918,5.88,5.92,5.87,5.88,58330.87,34373.986
20190917,6.01,6.02,5.86,5.88,124196.64,73507.64
20190916,6.07,6.1,6.01,6.03,103510.42,62635.865
20190912,6.06,6.09,6.04,6.07,84201.35,51086.381
20190911,6.09,6.13,6.03,6.05,123041.7,74671.645
20190910,6.1,6.13,6.05,6.09,170678.98,103834.546
20190909,6.4,6.4,6.12,6.17,324020,200631.021
20190906,6.04,6.12,5.97,6.12,264492.39,159855.399
20190905,5.9,6.15,5.9,6.04,370264.68,223547
20190904,5.7,5.96,5.68,5.84,238050.76,139021.812
20190903,5.71,5.72,5.67,5.71,59887.72,34130.852
20190902,5.65,5.72,5.61,5.7,79978.62,45495.603
20190830,5.73,5.74,5.63,5.64,63522,36041.447
20190829,5.7,5.72,5.67,5.7,60009.73,34189.076
20190828,5.7,5.72,5.67,5.68,66818.94,37997.357
20190827,5.66,5.72,5.65,5.71,90093.42,51318.305
20190826,5.61,5.66,5.58,5.63,65958.71,37083.847
20190823,5.73,5.74,5.69,5.71,66354.24,37915.785
20190822,5.72,5.75,5.69,5.71,51711.85,29537.868
20190821,5.7,5.74,5.69,5.69,60396.79,34482.288
20190820,5.75,5.77,5.69,5.72,108772.49,62329.864
20190819,5.67,5.82,5.63,5.78,143814.23,82402.746
20190816,5.61,5.68,5.59,5.63,61059.65,34465.944
20190815,5.55,5.64,5.51,5.62,75911.59,42254.252
20190814,5.73,5.74,5.66,5.67,55528.91,31615.203
20190813,5.67,5.68,5.64,5.66,52219.24,29555.185
20190812,5.65,5.72,5.63,5.72,49760.49,28281.151
20190809,5.79,5.81,5.65,5.65,86250,49279.496
20190808,5.65,5.95,5.65,5.79,142960.42,83034.71
20190807,5.7,5.73,5.63,5.64,67941,38484.163
20190806,5.78,5.8,5.58,5.7,138309.97,78704.64
20190805,5.98,6.02,5.9,5.91,71851,42848.923
20190802,6.07,6.07,5.99,6,80778.65,48596.005
20190801,6.1,6.13,6.09,6.12,51461.86,31426.619
20190731,6.12,6.18,6.09,6.13,73742.12,45212.669
20190730,6.1,6.16,6.09,6.13,67090.3,41152.766
20190729,6.11,6.12,6.09,6.09,40773.24,24862.386
20190726,6.11,6.12,6.09,6.11,46993.56,28683.936
20190725,6.16,6.16,6.09,6.13,79176.79,48414.076
20190724,6.12,6.17,6.11,6.13,57545.07,35367.275
20190723,6.12,6.15,6.1,6.11,45837.15,28052.84
20190722,6.26,6.27,6.1,6.11,105238.74,64755.591
20190719,6.21,6.28,6.21,6.26,84791.49,53037.271
20190718,6.24,6.28,6.19,6.2,70589.9,43929.477
20190717,6.2,6.35,6.2,6.26,108802.92,68266.829
20190716,6.26,6.26,6.19,6.22,91631.24,56988.038
20190715,6.36,6.48,6.34,6.48,122472.9,78743.572
20190712,6.35,6.5,6.32,6.42,97949.29,62814.928
20190711,6.37,6.4,6.31,6.35,63926,40617.469
20190710,6.36,6.39,6.32,6.35,50298,31931.298
20190709,6.38,6.39,6.34,6.36,62254.92,39610.101
20190708,6.5,6.5,6.34,6.34,116878.05,74622.427
20190705,6.48,6.51,6.47,6.51,51270.27,33292.668
20190704,6.51,6.54,6.47,6.49,74460.1,48431.57
20190703,6.56,6.59,6.48,6.5,94955,61863.638
20190702,6.57,6.61,6.53,6.59,116160.78,76221.933
20190701,6.52,6.57,6.48,6.57,163122.52,106677.763
20190628,6.49,6.5,6.41,6.43,82943.39,53391.712
20190627,6.49,6.57,6.49,6.5,98397.83,64188.393
20190626,6.5,6.57,6.46,6.49,82185.24,53531.522
20190625,6.54,6.56,6.4,6.53,156888,101582.493
20190624,6.61,6.62,6.52,6.56,122142.6,80173.002
20190621,6.6,6.68,6.56,6.62,251671.3,166388.652
20190620,6.38,6.72,6.37,6.64,363977.6,240006.431
20190619,6.48,6.52,6.39,6.4,119804.96,77172.389
20190618,6.37,6.38,6.3,6.35,60644.37,38459.276
20190617,6.36,6.44,6.33,6.35,98005.63,62511.513
20190614,6.52,6.53,6.29,6.29,133381.66,86114.751
20190613,6.45,6.56,6.45,6.49,131478.18,85610.353
20190612,6.53,6.57,6.46,6.48,149573.05,97294.919
20190611,6.31,6.68,6.3,6.57,253630.37,164742.414
20190610,6.3,6.35,6.28,6.32,70835.25,44733.83
20190606,6.35,6.37,6.26,6.28,99521.94,62686.765
20190605,6.4,6.42,6.35,6.37,83260.83,53140.656
20190604,6.45,6.45,6.33,6.35,114031.4,72649.377
20190603,6.46,6.52,6.41,6.45,120285.66,77579.569
20190531,6.42,6.58,6.39,6.47,182282.21,118098.279
20190530,6.43,6.45,6.35,6.4,111714.67,71389.567
20190529,6.37,6.51,6.35,6.46,140095.73,90247.103
20190528,6.4,6.47,6.38,6.4,116001.64,74576.611
20190527,6.3,6.47,6.26,6.45,173564.53,110864.903
20190524,6.26,6.53,6.24,6.36,188926,120950.2
20190523,6.3,6.34,6.25,6.25,99964.47,62721.888
20190522,6.49,6.49,6.32,6.33,87507,55851.163
20190521,6.33,6.46,6.32,6.41,105195.19,67529.154
20190520,6.48,6.48,6.24,6.34,140036.95,88618.265
20190517,6.75,6.78,6.47,6.48,202411.57,134012.831
20190516,6.76,6.77,6.72,6.77,140166.67,94560.793
20190515,6.72,6.78,6.72,6.77,196704.17,132744.68
20190514,6.6,6.88,6.56,6.75,244628.54,165001.716
20190513,6.72,6.75,6.65,6.67,148033.12,99000.802
20190510,6.68,6.87,6.6,6.81,288489.59,195187.204
20190509,6.76,6.78,6.62,6.62,200048.22,134118.215
20190508,6.99,7.05,6.83,6.84,348665.22,241509.546
20190507,6.85,7.3,6.81,7.17,580057.43,408290.25
20190506,6.57,7.1,6.4,7.01,520511.25,352892.405
20190430,6.67,6.69,6.62,6.67,120436.89,80147.905
20190429,6.88,6.92,6.61,6.63,208597.62,140927.471
20190426,7.02,7.06,6.85,6.85,222942.02,154344.871
20190425,7.24,7.38,7.09,7.09,258483.55,187278.472
20190424,7.26,7.3,7.2,7.26,124107.65,89908.866
20190423,7.33,7.36,7.22,7.26,186718.13,135773.407
20190422,7.46,7.48,7.32,7.33,190253.41,140406.764
20190419,7.41,7.5,7.37,7.45,160838.18,119444.453
20190418,7.57,7.58,7.43,7.45,179000.52,134121.082
20190417,7.57,7.61,7.51,7.52,231350.87,174559.029
20190416,7.35,7.6,7.3,7.59,307590.43,230374.404
20190415,7.54,7.63,7.41,7.42,242972.2,183198.628
20190412,7.45,7.5,7.34,7.42,192268.71,142718.893
20190411,7.6,7.65,7.45,7.46,267778.94,201720.444
20190410,7.69,7.75,7.59,7.64,278765.01,213331.543
20190409,7.67,7.76,7.62,7.7,343304.12,263832.438
20190408,7.98,8.13,7.71,7.8,664383.36,528469.605
20190404,7.82,8.04,7.77,7.94,753201.05,597132.645
20190403,7.72,7.85,7.63,7.81,474985.65,367694.293
20190402,7.86,8.08,7.74,7.84,655429.79,515955.185
20190401,7.61,7.98,7.58,7.89,733655.1,570085.397
20190329,7.29,7.8,7.27,7.64,605576.57,459049.185
20190328,7.45,7.46,7.25,7.26,319696.11,235066.115
20190327,7.49,7.57,7.4,7.51,270008.09,202323.006
20190326,7.54,7.61,7.36,7.44,329570.18,246382.552
20190325,7.61,7.67,7.43,7.5,499682.6,378002.541
20190322,8.01,8.06,7.7,7.81,604171.77,474003.962
20190321,8.21,8.42,8.02,8.08,912381,748710.442
20190320,7.71,8.2,7.68,8.12,835583.86,663120.704
20190319,7.78,7.85,7.66,7.75,467190.83,362830.881
20190318,7.52,7.9,7.32,7.8,678736.8,522488.25
20190315,7.56,7.63,7.42,7.49,438609.7,330137.867
20190314,7.68,7.85,7.36,7.49,538952.45,408896.949
20190313,8.25,8.25,7.71,7.79,737325.4,581050.488
20190312,8.2,8.53,8.04,8.2,848778.93,702699.75
20190311,8.12,8.33,7.63,8.2,903409.22,721173.65
20190308,8.5,9.06,8.2,8.2,1696606.9,1461807.299
20190307,8.32,9.11,8.11,9.11,1511690.69,1314147.535
20190306,7.85,8.45,7.73,8.28,1799774.93,1463304.781
20190305,7.63,7.93,7.6,7.84,1327545.04,1028298.429
20190304,7.5,8.25,7.42,7.89,2222167.82,1764634.55
20190301,7.63,7.77,6.99,7.5,1287143.88,948134.466
20190228,7.68,8.14,7.5,7.66,1779476.98,1392823.2
20190227,6.96,7.79,6.91,7.79,2356731.45,1762175.658
20190226,7.35,7.38,7,7.08,1937850.68,1393894.362
20190225,6.54,7.06,6.41,7.06,1990806.68,1338823.222
20190222,6.11,6.55,6.07,6.42,1155335.88,725483.416
20190221,6.15,6.2,6.11,6.13,440042.82,270643.316
20190220,6.2,6.22,6.13,6.17,517753.65,319655.907
20190219,6.18,6.39,6.13,6.26,1033538.5,647690.354
20190218,6.09,6.23,6.07,6.19,645096.7,396870.649
20190215,6.15,6.15,6.06,6.07,422765.55,258173.858
20190214,6.17,6.22,6.14,6.16,428257.55,264035.837
20190213,6.09,6.23,6.06,6.2,700855.06,430993.516
20190212,6.1,6.16,6.06,6.11,472661.84,288858.485
20190211,5.95,6.12,5.94,6.1,469760.99,282999.353
20190201,5.92,5.95,5.87,5.94,307308.02,181733.613
20190131,6.06,6.13,5.86,5.88,479121.54,287871.987
20190130,6.11,6.19,6.04,6.04,314508.11,192270.819
20190129,6.16,6.25,6.02,6.15,491821.16,302124.021
20190128,6.47,6.49,6.17,6.18,720422.07,453341.912
20190125,6.57,6.67,6.45,6.45,738315.74,484430.418
20190124,6.56,6.84,6.35,6.67,1166325.47,764749.617
20190123,6.7,6.77,6.54,6.57,808553.96,536168.131
20190122,6.82,6.88,6.7,6.73,949218.15,642082.085
20190121,7.41,7.44,6.91,6.96,1624244.5,1147984.202
20190118,7.88,7.88,7.29,7.65,2317166.28,1756897.986
20190117,7.16,7.16,7.16,7.16,16685.08,11946.517
20190116,5.42,6.51,5.42,6.51,13130.29,8507.921
